Gene,TCGA-DK-A6AW-01A-11R-A30C-07,TCGA-YC-A89H-01A-11R-A36F-07,TCGA-MV-A51V-01A-11R-A26T-07,TCGA-DK-A1AC-01A-11R-A13Y-07,TCGA-DK-A3WW-01A-22R-A23N-07,TCGA-DK-A6B6-01A-11R-A30C-07,TCGA-ZF-A9RC-01A-11R-A38B-07,TCGA-SY-A9G5-01A-11R-A38B-07,TCGA-XF-AAMG-01A-11R-A42T-07,TCGA-FD-A6TC-01A-21R-A33J-07,MAX,AVG,MED,MIN
CRISP1,0.5967,0.479,0.615,61.9531,0,0,1.8127,0,0,0,61.9531,6.54565,0.2395,0
AGXT,16.7064,0.958,0,0,0,0,7.855,0,269.2937,0,269.2937,29.48131,0,0
APOA2,65.0358,1.9159,0,1033.2517,0.9488,0,50.1511,0,0,0,1033.2517,115.13033,0.4744,0
ARSD,1145.5847,104.4186,3005.5351,484.0742,315.9393,3564.2982,6505.7402,1329.9233,2127.42,2164.9394,6505.7402,2074.7873,1728.67165,104.4186
BAAT,7.7566,0.479,22.1402,4.5502,0,0.5938,7.2508,0,188.9952,0,188.9952,23.17658,2.572,0
BNIP2,1444.5107,911.0286,438.4994,1106.0553,1235.7685,846.6915,731.1178,1060.5286,656.0973,777.0673,1444.5107,920.7365,878.86005,438.4994
BOK,726.7303,1783.2595,1185.7319,570.1785,1258.0645,1053.9113,1291.8429,747.3714,572.8611,725.0276,1783.2595,991.4979,900.64135,570.1785
BRAF,163.4845,203.0895,208.4871,278.6139,117.6471,287.9701,132.9305,96.05,283.0032,150.8269,287.9701,192.21028,183.287,96.05
DDR1,6903.9379,6172.1949,5512.3001,3213.5107,6244.3074,10955.3335,3804.2296,6304.632,5321.2429,15582.8004,15582.8004,7001.44894,6208.25115,3213.5107
CKMT2,0.5967,0.479,1.845,1.4001,0,0,12.6888,3.4101,7.834,5.7332,12.6888,3.39869,1.62255,0
CNN1,904.5346,169.0815,386.8389,274.0637,69.26,5.9375,4809.6677,1895.4248,534.1807,1890.6284,4809.6677,1093.96178,460.5098,5.9375
COL4A6,161.0979,1693.6894,43.6654,3.1502,187.3814,257.095,2265.2568,44.8991,965.5402,829.548,2265.2568,645.13234,222.2382,3.1502
COX6C,5083.5322,8421.0274,2919.4342,2995.0998,3046.4896,2238.4482,15213.2931,3379.3691,5197.8574,1611.9074,15213.2931,5010.64584,3212.92935,1611.9074
CPB1,0,0,0,11267.7634,0,0,0,0,0,0.441,11267.7634,1126.82044,0,0
CPN1,0,0,70.7257,0,0,0,0.6042,0.5683,10.7717,0,70.7257,8.26699,0,0
CYP3A7,9.5465,0.479,3.075,0.35,0,24.3439,1.8127,116.5104,0,135.8324,135.8324,29.19499,2.44385,0
CYP2A13,0,0,1.23,0,0,0,0,0,51.9002,0.441,51.9002,5.35712,0,0
CYP2B6,1.1933,94.36,12.9151,114.8057,0,0,1.2085,0,3658.9665,0,3658.9665,388.34491,1.2009,0
DAB2,349.642,295.0545,3145.1415,1591.1796,451.1385,1744.4458,767.9758,905.3708,954.7685,1032.8556,3145.1415,1123.75726,930.06965,295.0545
DEFA5,0,0,0,20.301,0,0,0,0,0,0,20.301,2.0301,0,0
DNASE2,1677.8043,1477.1884,1631.6113,1222.2611,1570.6831,1974.8219,1386.7069,1645.3538,926.8598,1259.5369,1974.8219,1477.28275,1523.93575,926.8598
E2F3,328.7589,483.7744,507.3801,1751.4876,453.9848,526.065,1356.4955,435.9193,9780.746,453.3627,9780.746,1607.79743,495.57725,328.7589
EGFR,186.7542,809.9533,228.1673,36.4018,1860.9583,81.3441,105.136,245.5129,458.6659,523.9162,1860.9583,453.681,236.8401,36.4018
EXT2,1873.5084,1792.8392,2006.7651,1312.2156,2199.7154,869.8479,1120.2417,1291.2759,1434.6008,1993.3848,2199.7154,1589.43948,1613.72,869.8479
F9,4.1766,0,0,0,0,0,3.0211,0,0,0,4.1766,0.71977,0,0
FABP7,0,0,1.23,105184.1092,0,0,1.2085,0,0,0,105184.1092,10518.65477,0,0
FGFR1,295.3461,253.8618,421.2792,633.1817,83.0171,87.2817,1172.8097,1181.0173,2364.888,1322.161,2364.888,781.48436,527.23045,83.0171
FGFR3,207.6372,1223.8055,107.6261,17.8509,1564.9905,7170.7529,816.9184,4106.8485,178.7131,5338.4785,7170.7529,2073.36216,1020.36195,17.8509
FGFR2,3.58,839.6599,113.1611,56.7028,296.0152,774.2537,2697.8852,584.8252,214.9453,1234.3991,2697.8852,681.54275,440.4202,3.58
FGFR4,94.2721,59.3941,54.1205,164.8582,114.8008,88.4692,135.9517,21.597,727.0929,11.0254,727.0929,147.15819,91.37065,11.0254
FOXD2,767.8998,225.6017,170.3567,3.1502,77.3245,80.7504,83.9879,23.8704,42.1077,10.5843,767.8998,148.56336,79.03745,3.1502
FLG,1.79,4100.8454,0.615,1.7501,0.9488,1.1875,8.5438,0,13.876,6.9636,4100.8454,413.65202,1.77005,0
FLT1,3764.9165,478.9846,2193.7269,1014.0007,737.666,267.7825,374.0181,325.6607,1999.6279,687.1003,3764.9165,1184.34842,712.38315,267.7825
FLT3,1.1933,0.479,0.615,4.9002,1.4231,5.9375,0,4.5467,1.4689,1.323,5.9375,2.18867,1.37305,0
FLT4,604.4153,33.0499,388.6839,118.6559,53.1309,26.7189,90.0302,153.4527,559.1516,112.0176,604.4153,213.93069,115.33675,26.7189
FSHR,0,0,0,0,0,0,0,0,0,0,0,0,0,0
GJB1,2.3866,1.9159,2308.1181,2.1001,0,21.3751,3.0211,0.5683,56.3069,0,2308.1181,239.57921,2.24335,0
GRM3,17.8998,0.479,52.8905,905.4953,0.9488,20.7813,1.8127,0.5683,231.1029,2.2051,905.4953,123.41837,10.05245,0.479
FOXA2,1.1933,9.5797,0,363.3182,0,2.375,22.3565,0,1.4689,0,363.3182,40.02916,1.3311,0
JAK1,2224.3437,1094.0007,4194.9569,1730.1365,3092.9791,2570.9498,2921.4502,2758.7383,2075.5197,3072.9879,4194.9569,2573.60628,2664.84405,1094.0007
JAK2,268.4964,164.2917,171.5867,498.7749,428.3681,338.4391,111.1782,610.969,195.3603,69.6803,610.969,285.71447,231.92835,69.6803
KDR,617.5418,111.6034,990.1599,331.8166,152.7514,185.8446,133.5347,206.3086,691.3503,284.8953,990.1599,370.58066,245.60195,111.6034
KIT,34.6062,24.4282,30.7503,25.2013,21.3472,55.219,352.2659,109.1219,886.7106,64.3881,886.7106,160.40387,44.9126,21.3472
LCP1,244.0334,4324.7515,445.8795,3888.3444,11300.2846,2461.6992,1389.7281,3889.7414,1409.6299,410.5843,11300.2846,2976.46763,1935.66455,244.0334
LIMK1,797.136,918.2134,1379.4588,780.189,939.2789,853.2228,2235.6495,1812.4467,1877.7113,964.0573,2235.6495,1255.73637,951.6681,780.189
MAGEA8,0,0,0,0,7.1157,4.1563,0,0.5683,435.2765,2.2051,435.2765,44.93219,0.28415,0
MBP,853.222,370.2551,349.3235,451.8726,706.8311,1607.8827,235.6495,199.4885,355.4676,243.4399,1607.8827,537.34325,362.86135,199.4885
MEP1B,0.5967,0,0,0,0,0,0,0,0.4896,0,0.5967,0.10863,0,0
MET,2105.0119,850.6766,971.7097,595.3798,4277.0398,1117.4428,450.7553,3371.9807,611.5414,2361.6318,4277.0398,1671.31698,1044.57625,450.7553
MSMB,0,0.479,132.8413,0,0,104.5005,18.7311,1.1367,0,23.3738,132.8413,28.10624,0.80785,0
MYBL1,32.8162,83.8223,115.6212,220.511,59.2979,20.7813,48.9426,28.9855,375.5423,65.7111,375.5423,105.20314,62.5045,20.7813
MYCN,0.5967,122.62,52.2755,4328.3164,1.4231,2428.4491,885.1964,3.9784,609.0933,529.6582,4328.3164,896.16071,326.1391,0.5967
NTRK1,0.5967,3.8319,2.46,3.8502,9.4877,4.75,7.2508,14.2086,3.4274,6.6152,14.2086,5.64785,4.3001,0.5967
NTRK3,13.1265,0,12.3001,2.1001,0.4744,0.5938,2.4169,3.9784,0.4896,0.882,13.1265,3.63618,1.49105,0
PDGFRA,161.7721,221.7794,238.9053,524.7497,76.0389,338.9794,717.2024,748.2012,565.7664,964.5865,964.5865,455.79813,431.86455,76.0389
PDGFRB,921.8377,1368.9379,1236.1624,1036.0518,1096.2998,242.2512,2870.6949,4811.0259,2666.9866,3910.4741,4811.0259,2016.07223,1302.55015,242.2512
PLS1,657.5179,782.1818,1452.0295,18576.1288,269.4497,1458.2569,302.719,298.3802,1549.173,584.785,18576.1288,2593.06218,719.84985,269.4497
PNLIPRP1,0,0,0,0,0,0,0,0,0,0,0,0,0,0
POU3F3,0,0,0,454.6727,0,0,0,0,28.3982,0,454.6727,48.30709,0,0
PKIB,97.2554,31.134,210.3321,9593.6297,188.8046,46.3127,27.7946,47.1725,309.9325,40.5733,9593.6297,1059.29414,72.21395,27.7946
MAP2K1,1106.0621,1639.6168,899.1759,1540.3115,1757.7989,920.2694,1217.0332,1205.1776,1059.8028,1718.527,1757.7989,1306.37752,1211.1054,899.1759
MAP2K2,5451.074,2800.1437,2443.4194,1524.3262,2619.0702,1763.4459,2555.287,2746.8031,3164.935,1876.957,5451.074,2694.54615,2587.1786,1524.3262
PTK6,1856.2053,4075.2006,1963.0996,95.9048,998.1025,3462.1727,607.855,1304.3478,44.0662,803.0871,4075.2006,1521.00416,1151.22515,44.0662
RAB3A,113.3652,84.3013,28.9053,106.7553,39.8482,73.6254,102.719,48.3092,82.7466,48.0706,113.3652,72.86461,78.186,28.9053
RAF1,2190.3341,1756.331,6729.3973,4541.4771,1795.0664,1920.1967,3277.9456,1732.3103,8174.6688,2254.4653,8174.6688,3437.21926,2222.3997,1732.3103
REG1B,0,0,0,0,0,0,0,0,231.5926,0,231.5926,23.15926,0,0
RET,19.6897,2.8739,3.075,11.5506,4.7438,2.375,11.4804,18.187,55.8172,8.3793,55.8172,13.81719,9.92985,2.375
RLN1,0.5967,0,2.46,79.104,2.8463,1.7813,1.2085,2.8417,19.0954,2.6461,79.104,11.258,2.55305,0
SCN4A,5.3699,0,34.4403,10.5005,0,0,2.4169,0,435.7661,1.323,435.7661,48.98167,1.86995,0
CCL22,33.4129,42.1506,30.7503,32.5516,16.129,117.5631,15.1057,8801.364,20.5642,72.3264,8801.364,918.19178,32.98225,15.1057
XCL1,1.79,51.2513,14.1451,35.7018,115.2751,10.6876,204.2296,58.5394,52.8795,64.8291,204.2296,60.93285,52.0654,1.79
SELL,18.4964,92.923,672.8167,23045.5023,118.5958,574.159,60.423,104.0068,2049.08,169.7905,23045.5023,2690.57935,144.19315,18.4964
SEMG2,2141.4081,0,0,5.6003,0,8.3125,0.6042,0,1.9585,0,2141.4081,215.78836,0.3021,0
FBXW4,2940.9308,907.1967,1030.7503,988.0994,904.649,765.9412,960.7251,1233.3049,1582.4675,917.7508,2940.9308,1223.18157,974.41225,765.9412
SMARCD3,343.0788,307.5081,325.3383,295.4148,133.7761,223.2511,501.5106,184.7116,281.5343,234.1786,501.5106,283.03023,288.47455,133.7761
SSX1,0,0,519.6802,0,0,0,0,0.5683,0.9792,1.323,519.6802,52.25507,0,0
SSX5,0,0,33.8253,2.8001,0,0,0,0,0.4896,429.548,429.548,46.6663,0,0
SSX4,0.5967,0,335.1784,7.3504,0,0,0,0,67.0786,373.9802,373.9802,78.41843,0.29835,0
STK11,1976.1337,1503.5325,1455.7196,1348.9674,1413.6622,1443.4131,1446.5257,1468.599,1667.6622,2807.0562,2807.0562,1653.12716,1462.1593,1348.9674
STXBP1,177.8043,190.6359,378.2288,729.4365,127.6091,54.6253,416.9184,126.1722,350.0818,522.161,729.4365,307.36733,270.35885,54.6253
TAT,19.6897,0,16.6052,0.7,0,0.5938,6.0423,4.5467,2.9377,1.7641,19.6897,5.28795,2.3509,0
SERPINA7,0.5967,0,24.6002,7.7004,0,0.5938,2.4169,0,30.8464,0,30.8464,6.67544,0.59525,0
TEK,191.5274,25.3862,134.6863,53.5527,31.3093,48.6877,20.5438,77.863,105.759,67.9162,191.5274,75.72316,60.73445,20.5438
TERT,1.1933,41.1927,20.9102,19.951,15.1803,5.9375,109.3656,15.9136,243.8332,13.6714,243.8332,48.71488,17.9323,1.1933
TGFB3,254.1766,299.8443,220.1722,75.6038,378.0835,102.1255,915.4079,1182.7224,238.4473,721.0584,1182.7224,438.76419,277.01045,75.6038
TOP2A,1251.1933,2507.4841,4939.1144,3839.342,3451.6129,1328.2251,4212.0846,3608.9798,7877.5742,7987.6516,7987.6516,4100.3262,3724.1609,1251.1933
TOP2B,2198.0907,4187.7619,3438.4994,12681.4841,2551.2334,10167.4235,4865.861,3440.7502,2524.5057,4319.2944,12681.4841,5037.49043,3814.25605,2198.0907
TRO,16.1098,35.9238,149.4465,43.0522,15.1803,7.7188,299.0937,192.1,622.3132,344.4322,622.3132,172.53705,96.24935,7.7188
UMOD,0,0,0,0,0,0,0,0,0,0,0,0,0,0
VEGFA,13387.8282,5973.8953,4373.9237,4913.8957,3842.0304,1299.1312,4315.4079,4075.0213,7640.5958,2183.462,13387.8282,5200.51915,4344.6658,1299.1312
NPHS2,0,0,32.4047,0,0,446.7634,0,0,0,0.441,446.7634,47.96091,0,0
IRS4,0.5967,0,0,0,0,11.8751,1.2085,0,211.5179,2.6461,211.5179,22.78443,0.29835,0
MMP23B,22.673,116.8722,49.2005,89.2545,36.0531,5.9375,359.5166,351.8045,155.2111,281.3671,359.5166,146.78901,103.06335,5.9375
CYP4F2,0.5967,0.479,25.2153,908.9954,0.9488,1.1875,3.0211,0.5683,391.6999,0,908.9954,133.2712,1.06815,0
PAGE1,0,0,20.9102,0,0,0,1.8127,0,0.9792,0,20.9102,2.37021,0,0
TNFRSF11A,16.1098,1.437,95.941,35.0018,23.2448,104.5005,12.6888,6.8201,75.4022,22.0507,104.5005,39.31967,22.64775,1.437
TRIM24,494.6301,1871.3926,1271.8327,1767.9384,349.1461,1917.8216,1350.4532,1298.6644,2480.9291,1388.7541,2480.9291,1419.15623,1369.60365,349.1461
CPNE1,4560.9308,3684.1672,1023.9668,4329.23,2964.6157,2625.4622,5637.8006,4541.6084,2711.513,11344.4631,11344.4631,4342.37578,4006.6986,1023.9668
PLOD3,2492.8401,2338.4026,2719.5572,1527.1264,2271.3472,1109.1303,1658.6103,1404.9446,2335.5105,1977.9493,2719.5572,1983.54185,2124.64825,1109.1303
ATP6V0E1,3735.6802,3874.0271,2686.9619,4751.4876,4372.3909,4586.7406,2634.4411,3809.605,2102.9387,2363.3958,4751.4876,3491.76689,3772.6426,2102.9387
CLDN2,0,9.1007,3.075,4.9002,0,2.9688,1.8127,0,2250.8054,11.5237,2250.8054,228.41865,3.0219,0
MTA1,1739.8568,1542.8092,739.2374,1844.9422,991.4611,753.4723,1860.423,954.2484,1917.3709,1798.4564,1917.3709,1414.22777,1641.333,739.2374
SLC28A2,0,0.479,338.2534,0.7,0,0,0,0,6.3651,0,338.2534,34.57975,0,0
MTA2,3205.2506,3694.8868,2496.31,6206.1603,3180.74,2698.0129,2557.0997,3818.1302,4848.7549,2979.0518,6206.1603,3568.43972,3192.9953,2496.31
NOLC1,1809.0692,3083.2236,1389.2989,4681.4841,5590.1328,1622.1327,1567.3716,1269.1105,2589.6258,2253.1422,5590.1328,2585.45914,2031.1057,1269.1105
CHST2,291.1695,383.6666,274.2927,129.8565,5711.575,216.126,656.1934,147.7693,122.8958,74.0904,5711.575,800.76352,245.20935,74.0904
PAGE4,0,0,0,0,0,0,0,0,454.3719,0,454.3719,45.43719,0,0
GPRASP1,23.8663,40.2347,43.0504,36.4018,20.8729,81.9379,276.7372,78.4314,93.5183,70.1213,276.7372,76.51722,56.58585,20.8729
ACAP1,38.1862,76.6375,8.6101,155.7578,565.4649,211.376,27.1903,507.5305,41.1285,43.6604,565.4649,167.55422,60.14895,8.6101
XYLB,29.8329,136.5106,391.1439,266.0133,77.3245,333.0953,199.3958,44.8991,3781.8623,89.0849,3781.8623,534.91626,167.9532,29.8329
SSX5,0,0,12.9151,6.6503,0,0,0,0,4.8962,29.989,29.989,5.44506,0,0
CCT2,2738.6635,5104.5384,2898.524,5843.5422,4348.6717,2405.2927,56035.0453,2819.551,2943.135,3394.9283,56035.0453,8853.18921,3169.03165,2405.2927
UTS2,0,0.479,0.615,6956.1988,1.8264,0,0.6042,2.2734,42.1175,0,6956.1988,700.41143,0.6096,0
CACFD1,1813.8425,877.9787,2162.9766,1391.6696,156.5465,1337.1314,1131.1178,655.8681,2141.1295,1121.4994,2162.9766,1278.97601,1234.1246,156.5465
HRH3,0,0.479,49.2005,969.5485,0,304.5952,0,0,311.4014,0,969.5485,163.52246,0.2395,0
CLSTN1,3905.1313,7438.1511,4311.1931,2299.615,7214.3928,2312.6257,4717.8248,3390.736,1924.7153,12148.6218,12148.6218,4966.30069,4108.1622,1924.7153
FBXO21,659.3079,805.173,771.2177,1041.6521,558.3491,1058.6613,1155.8912,744.5297,1365.0741,1183.6825,1365.0741,934.35386,923.41255,558.3491
RFTN1,372.315,240.9292,496.925,666.4333,1202.0873,214.9385,752.2659,537.0844,623.7821,519.5149,1202.0873,562.62756,528.29965,214.9385
MDN1,317.4224,489.0432,455.7196,1331.4666,539.8482,586.034,471.9033,217.1071,852.9265,250.4961,1331.4666,551.1967,480.47325,217.1071
ACSL6,0.5967,0.479,6.7651,4.5502,2.3719,0,1.2085,3.4101,17.1369,0.882,17.1369,3.74004,1.7902,0
ZNF318,438.5442,442.1027,340.7134,864.5432,524.6679,477.971,291.2387,316.5672,1097.2493,730.3197,1097.2493,552.39173,460.03685,291.2387
DKKL1,7.7566,0,1.23,4.2002,0.4744,0,9.6677,10.2302,138.5638,1.7641,138.5638,17.3887,2.98215,0
TAS2R1,0,0.479,0.615,208.2604,0,0,27.7946,0,0,0.441,208.2604,23.759,0.2205,0
TXNDC11,2825.179,988.6241,1057.8106,823.9412,1080.6452,1420.8505,761.3293,1567.4908,911.6815,883.3517,2825.179,1232.09039,1023.21735,761.3293
LUZP4,0,0,0,0,1.4231,0,0,0,117.0203,130.9813,130.9813,24.94247,0,0
RBMX2,368.7351,363.5493,325.9533,388.5194,606.2619,639.4718,433.8369,501.8471,620.8443,522.161,639.4718,477.11801,467.842,325.9533
FXYD4,6242.8401,318.0457,1604.551,1.0501,0,0,25.3776,40.9207,43.087,3.0871,6242.8401,827.89593,33.14915,0
SLCO1C1,5.3699,0,3.69,1.7501,0,1.1875,0,0,0.9792,0,5.3699,1.29767,0.4896,0
FTHL17,0,0,57.1956,49.3525,0,0,306.3444,0,147.3771,1.323,306.3444,56.15926,0.6615,0
XRN1,504.7733,550.8322,504.92,766.8883,1325.4269,834.8165,680.3625,895.709,591.4668,1677.1775,1677.1775,833.2373,723.6254,504.7733
PGPEP1,1101.432,826.7273,669.7417,393.7697,127.6091,1568.695,1273.1118,439.8977,678.1304,410.1433,1568.695,748.9258,673.93605,127.6091
C2orf42,174.2243,147.5272,171.5867,205.4603,117.1727,237.5011,203.0211,193.8051,162.0658,196.2514,237.5011,180.86157,184.0147,117.1727
RNF31,1134.8449,710.6215,730.5289,765.6878,1054.0797,1490.4324,970.4773,1371.9807,729.2081,756.3396,1490.4324,971.42009,868.08255,710.6215
SLC38A4,4.1766,4.7898,0,15687.0844,32.2581,101.5317,267.6737,26.7121,3544.8839,61.742,15687.0844,1973.08523,47.00005,0
ZNF692,1607.9952,956.0532,504.305,400.77,716.7932,536.1588,1209.0634,617.7891,511.658,584.785,1607.9952,764.53709,601.28705,400.77
CENPJ,102.0286,164.7707,225.0923,511.7256,277.9886,159.1258,470.0906,289.2867,404.9198,263.7266,511.7256,286.87553,270.8576,102.0286
IFNK,0,0.479,0,0.35,3294.1176,0,0,0,0,0,3294.1176,329.49466,0,0
AGPAT3,2350.2387,2224.8832,2757.6876,1222.9611,1087.2865,2253.292,3963.142,1853.3674,1179.5063,1682.9107,3963.142,2057.52755,2039.1253,1087.2865
EPPIN,0,5.7478,0.615,0.35,0,0,100.4411,0,0,0,100.4411,10.71539,0,0
MAVS,2152.7446,3710.2143,1971.7097,1723.8362,1941.6509,4381.3021,5152.2659,1773.7994,1640.2432,1731.8633,5152.2659,2617.96296,1956.6803,1640.2432
HOMEZ,299.5227,637.0495,291.5129,487.2244,369.5446,2150.5727,268.8822,380.79,308.4637,392.9702,2150.5727,558.65329,375.1673,268.8822
CAMSAP3,1063.8425,1743.0248,1488.9299,701.4351,316.888,912.0043,1369.7885,703.609,1077.6643,646.968,1743.0248,1002.41544,987.9234,316.888
MYL7,0,313.2559,0,0.7,0.9488,0,0,0,0.4896,0,313.2559,31.53943,0,0
GOLPH3,1841.8854,1381.3915,4043.0504,3269.5135,1909.8672,5561.089,2112.3867,1893.7198,1734.7408,2144.2117,5561.089,2589.1856,2011.12695,1381.3915
MCCC2,3494.6301,2672.2548,5072.5707,5159.958,2333.9658,9864.0158,1073.1118,1577.7209,1377.3147,1005.0717,9864.0158,3363.06143,2503.1103,1005.0717
RNF25,402.148,632.2596,392.3739,850.1925,466.3188,382.9706,764.9547,536.5161,306.9948,387.2106,850.1925,512.19396,434.2334,306.9948
MMP25,23.3174,63.2882,24.1574,45.3483,101.2951,29.0939,22.719,66.1154,27.3407,84.5601,101.2951,48.72355,37.2211,22.719
SMURF2,474.3437,379.3558,1428.6593,330.7665,255.6926,436.4083,407.2508,502.4155,849.9887,277.839,1428.6593,534.27202,421.82955,255.6926
GDAP1L1,0,0,0,0.7,0,0,0,0,4.4066,0.441,4.4066,0.55476,0,0
OR52N1,0,0,1.23,3.1502,0,0,0,0,0.4896,0,3.1502,0.48698,0,0
NKAIN1,8.9499,3.8319,12.3001,10.8505,2.8463,14.8438,262.2356,15.9136,787.3168,8.8203,787.3168,112.79088,11.5753,2.8463
NEK11,97.2554,174.3504,166.6667,248.8624,46.0152,175.1571,107.5529,175.6181,133.178,190.9592,248.8624,151.56154,170.50855,46.0152
LPCAT1,6071.0024,3143.5756,2738.6224,793.4897,1967.7419,254.72,9932.3263,620.6309,2621.9411,2171.5546,9932.3263,3031.56049,2396.74785,254.72
OR4A16,0,0,2.46,0,0,0,0,0,0,0,2.46,0.246,0,0
OR2B2,0,0,0,0,0,0,0,0,13.2199,3.0871,13.2199,1.6307,0,0
C19orf12,545.3461,398.5151,488.3149,400.07,382.3529,634.128,610.2719,764.9901,737.375,431.753,764.9901,539.3117,516.8305,382.3529
FLYWCH1,937.3508,730.4514,492.0049,207.9104,551.2334,378.2206,635.6495,902.5291,988.5526,1079.6031,1079.6031,690.35058,683.05045,207.9104
FBN3,0,0,0,0,0,0,0,0,318.2562,0,318.2562,31.82562,0,0
NKX6-2,0,0,0,0,0,0,0,0,0,0,0,0,0,0
LHX4,5.5907,2.0069,4.2866,304.3542,3.482,2.6303,8.4169,4.7343,23.169,1.9316,304.3542,36.06025,4.51045,1.9316
ZNF30,316.8258,54.6042,63.3456,75.9538,48.8615,84.9067,125.6798,13.0719,160.597,53.3627,316.8258,99.7209,69.6497,13.0719
ZNF479,0,0,0.615,0.35,0,0,0,0,22.0331,0,22.0331,2.29981,0,0
SYCE1,0,0,0.4674,1.0396,0,0,515.8489,1.1367,0.9792,0.882,515.8489,52.03538,0.6747,0
PNMA5,0,0,1.845,0,0,0,1654.3807,2.8417,53.3691,3547.5193,3547.5193,525.99558,0.9225,0
WFIKKN1,12.5298,9.5797,59.0406,3.5002,2.8463,10.0938,41.6918,14.2086,48.9625,26.4609,59.0406,22.89142,13.3692,2.8463
CIB3,0,0,0,0.35,0,0,0,0,0,0,0.35,0.035,0,0
PSTK,60.2625,59.3941,28.9053,39.902,31.7837,13.6563,146.8278,63.6544,65.6097,55.5678,146.8278,56.55636,57.48095,13.6563
MMP21,0,0.479,0,0,0,0,0.6042,0.5683,37.2115,0,37.2115,3.8863,0,0
C17orf64,0,0,3.69,0.7,0,0.5938,0,0.5683,117.0203,0,117.0203,12.25724,0.28415,0
AFMID,707.6372,500.5389,463.0996,396.9198,308.8235,552.7839,594.5619,420.0057,659.035,636.3837,707.6372,523.97892,526.6614,308.8235
GAB4,0,0,38.7454,0.35,0,0,0.6042,0,11.2614,0,38.7454,5.0961,0,0
TAAR1,0,0,11.6851,0,0,0,0,0,92.0495,0,92.0495,10.37346,0,0
PASD1,0,0,1.23,0,0,0,3.0211,0,316.7873,0,316.7873,32.10384,0,0
BRI3BP,296.5394,154.712,395.449,171.5086,294.592,98.563,59.8187,128.4456,212.4972,186.108,395.449,199.82335,178.8083,59.8187
WFDC6,0,0,0,0,0,0,26.4471,0,0,0,26.4471,2.64471,0,0
SLC2A14,10.1432,7.1848,9.2251,37.4519,32.7324,0.5938,13.8973,18.187,12.2406,14.5535,37.4519,15.62096,13.06895,0.5938
RNF151,0,1.437,0,0,0,0.5938,0,0.5683,0,0,1.437,0.25991,0,0
ZNF555,63.8425,55.5622,64.5756,62.6531,40.3226,64.7191,37.4622,56.266,113.593,44.1014,113.593,60.30977,59.45955,37.4622
SIK1,10713.6038,2238.7738,11103.321,2680.084,1857.2106,827.0977,4717.2205,3799.9432,1386.6176,4449.8346,11103.321,4377.37068,3240.0136,827.0977
C22orf15,0,3.8319,1.845,2.8001,1.4231,1.1875,4.8338,0.5683,1.9585,1.323,4.8338,1.97712,1.63405,0
TMEM213,0,0,12.9151,0,0,0,0,2.2734,11.751,0,12.9151,2.69395,0,0
SLC5A8,0,0,0,4821.1411,0,0,0,0,0.4896,0,4821.1411,482.16307,0,0
CNST,477.327,273.5002,353.6285,422.1211,286.0531,440.5646,269.4864,411.4805,317.7665,614.774,614.774,386.67019,382.5545,269.4864
ZNF679,0,0,0,0,0,0,0,0,27.9086,0,27.9086,2.79086,0,0
GSX2,0,0,0,0,0,0,0,0,0,0,0,0,0,0
FAM9A,0,0,0,0,0,0,0,0,10.7717,0,10.7717,1.07717,0,0
FAM9B,0,0,0,0,0,0,0,0,789.7649,0,789.7649,78.97649,0,0
FAM9C,1.1933,0,0,1731.8866,0.4744,0,0,0,0,0,1731.8866,173.35543,0,0
PAGE2,0,0,0,0,0,0,0,0,0.4896,3141.7861,3141.7861,314.22757,0,0
HYLS1,141.4081,82.8643,170.3567,143.8572,84.4402,154.3757,126.8882,146.6326,127.3025,92.613,170.3567,127.07385,134.3553,82.8643
OR4D6,0,0,0,14.3507,0,0,0,0,0,0,14.3507,1.43507,0,0
ATOH7,0,0.958,16.6052,2.8001,1.4231,2.9688,1.2085,0.5683,36.7219,4.4101,36.7219,6.7664,2.1116,0
GPC2,11.9332,71.3687,44.8954,403.2202,13.2827,36.8127,331.1178,47.7408,1527.1399,140.6836,1527.1399,262.8195,59.55475,11.9332
SLC17A8,1.79,0,0,0,0,0,4.8338,0.5683,371.1356,0,371.1356,37.83277,0,0
TBC1D28,0,0,0,0,0,0,0,0,0.4896,0,0.4896,0.04896,0,0
OR4C3,0,0,0,0,0,0,0,0,0,0,0,0,0,0
C10orf67,19.0931,0,11.6851,1.7501,0.9488,0,13.2931,23.8704,17.6265,30.871,30.871,11.91381,12.4891,0
TTLL6,0,0,113.7761,6.3003,4.2694,4.75,1.2085,5.6834,6.3651,2.2051,113.7761,14.45579,4.5097,0
KLK9,0,18.2014,0,0,0.4744,0,0.6042,0,0,0,18.2014,1.928,0,0
FMN1,0.5967,0.958,0.615,12.6006,4.7438,0.5938,0,10.7985,5.3859,1.7641,12.6006,3.80564,1.36105,0
VSTM2B,0,0,0,0,0,0,3.6254,0,440.1727,0,440.1727,44.37981,0,0
IGFBPL1,4.1766,5.7478,36.2854,2.1001,0,0.5938,1.8127,2.2734,129.7506,6.6152,129.7506,18.93556,3.225,0
LCE1F,0,82.3853,0,0,0,0,0,0,0,0,82.3853,8.23853,0,0
TEX38,4.7733,1.437,0.615,0,0,1.1875,0.6042,1.1367,10.7717,1.7641,10.7717,2.22895,1.1621,0
NRROS,49.5227,68.4948,75.0308,74.2037,30.8349,48.094,45.3172,76.7263,179.2027,43.2194,179.2027,69.06465,59.00875,30.8349
LRRC10,0,0,0,0,0,0,644.1088,0,0,0,644.1088,64.41088,0,0
KRTAP5-4,0,0,0,0,0,0,0,0,0,0,0,0,0,0
CCDC103,18.4964,62.747,111.9311,81.5541,28.463,40.9689,108.7613,145.4959,80.7881,53.8037,145.4959,73.30095,71.76755,18.4964
FLG2,0,288.8277,0,0,0,0,0.6042,0,0.9792,0,288.8277,29.04111,0,0
MAP3K15,0,0.4886,0.6335,0,0,0,0,0,97.0779,0.4587,97.0779,9.86587,0,0
PAGE2B,0,0,1.23,0.35,0,0,0.6042,0,0.9792,325.9096,325.9096,32.9073,0.175,0
OR52N2,0,0,229.3973,6.6503,0,1.7813,0,0,3.4274,5.2922,229.3973,24.65485,0.89065,0
OR56A3,0,0,1.23,0,0,0,0,0,129.7506,0,129.7506,13.09806,0,0
OR11L1,0,0,0,0,0,0,0,0,0,0,0,0,0,0
CCSER1,108.5919,6.2268,142.0664,306.9653,10.4364,90.2504,10.8761,33.5323,78.8296,154.355,306.9653,94.21302,84.54,6.2268
LRRC52,0,0,0,0,0,0,0,0,0.4896,0.441,0.4896,0.09306,0,0
PPIAL4D,1.1933,169.0815,0,2.1001,2.8463,2.9688,0.6042,0,1.4689,0.882,169.0815,18.11451,1.3311,0
KIAA0895L,598.1862,752.5662,658.6285,247.8124,287.9507,374.1296,2241.3897,717.2947,965.5402,1205.5436,2241.3897,804.90418,687.9616,247.8124
GOLGA6L6,1.79,0,0,0,231.9734,0,0,0,0,0,231.9734,23.37634,0,0
TSPY4,0,0,0.615,0,0,0,0,0,0,0,0.615,0.0615,0,0
ZNF679,0,0,0,0,0,0,0,0,0,0,0,0,0,0