Gene,TCGA-DK-A6AW-01A-11R-A30C-07,TCGA-YC-A89H-01A-11R-A36F-07,TCGA-MV-A51V-01A-11R-A26T-07,TCGA-DK-A1AC-01A-11R-A13Y-07,TCGA-DK-A3WW-01A-22R-A23N-07,TCGA-DK-A6B6-01A-11R-A30C-07,TCGA-ZF-A9RC-01A-11R-A38B-07,TCGA-SY-A9G5-01A-11R-A38B-07,TCGA-XF-AAMG-01A-11R-A42T-07,TCGA-FD-A6TC-01A-21R-A33J-07,MAX,AVG,MED,MIN
ABAT,169.4511,1624.2366,178.3518,68.6034,184.5351,859.1603,185.4985,237.5675,215.9246,1172.2161,1624.2366,489.5545,200.71155,68.6034
ADCY6,1454.0573,1802.8979,3379.4588,1109.2055,568.7856,2238.4482,1422.9607,1098.6076,1022.8263,798.2359,3379.4588,1489.54838,1266.0831,568.7856
ADCY8,0,0,0,0,0,0,0,0,0.4896,0,0.4896,0.04896,0,0
PARP1,1560.8592,3646.0304,2600.861,4101.1551,2832.5427,1626.289,2072.5076,3286.7292,3446.4693,3592.5028,4101.1551,2876.59463,3059.63595,1560.8592
PARP4,2656.3246,1569.6324,3749.0775,2695.8348,1227.704,3372.5161,1464.6526,2050.0142,1475.2397,1616.7585,3749.0775,2187.77544,1833.38635,1227.704
ADRA2C,80.5489,85.2593,14.7601,8.0504,2.3719,17.2188,344.4109,34.1006,24.9709,246.086,344.4109,85.77778,29.53575,2.3719
AP1G1,1510.7399,1999.7605,1561.5006,1612.8806,1289.8482,2253.8857,1062.8399,2609.8323,1812.1016,5890.1874,5890.1874,2160.35767,1712.4911,1062.8399
ALAS2,4.1766,0,1.845,0.35,0,0,0,0,0.9792,1.323,4.1766,0.86738,0.175,0
ARHGDIB,6104.4153,4968.5068,3988.3149,2573.3287,2670.3036,7961.6317,2541.3897,6942.3132,8023.4824,4466.5932,8023.4824,5024.02795,4717.55,2541.3897
ARRB2,316.2291,665.7885,545.5105,709.4855,1006.167,374.0643,484.5921,784.8821,931.2665,803.9691,1006.167,662.19547,687.637,316.2291
ASPA,2.3866,0,43.6654,4.9002,0.9488,12.4688,0,0,1.9585,0,43.6654,6.63283,1.45365,0
ATP1A1,33885.8711,12986.6938,7931.7343,5940.4935,18191.148,8124.9018,6432.006,10742.7962,6911.5395,11758.2756,33885.8711,12290.54598,9433.849,5940.4935
ATP1A2,19.6897,0,30.1353,0.7,0,0.5938,30.8157,9.6618,8.3236,11.0254,30.8157,11.09453,8.9927,0
AVPR1B,0,0,0,0,0.4744,0.5938,0,0,0.9792,0.441,0.9792,0.24884,0,0
BCL2,140.2148,91.965,126.6913,68.9534,118.5958,84.3129,114.1994,95.4817,145.9082,90.4079,145.9082,107.67304,104.84055,68.9534
CEACAM1,844.8687,2489.7617,3143.9114,108.5054,711.575,564.6589,1701.5106,1323.1032,2154.3493,482.9107,3143.9114,1352.51549,1083.98595,108.5054
BPHL,542.9594,433.002,645.1415,206.1603,180.2657,767.7224,267.6737,468.8832,254.6049,456.4498,767.7224,422.28629,444.7259,180.2657
CA11,10.7399,545.5634,110.0861,60.203,105.7875,65.3128,154.0785,198.3518,16.6472,174.6417,545.5634,144.14119,107.9368,10.7399
CBLB,269.0931,278.29,332.7183,1376.9688,431.6888,399.5957,254.9849,251.2077,383.8659,203.3076,1376.9688,418.17208,305.50415,203.3076
CCND2,251.1933,209.3162,220.1722,546.7273,7083.9658,334.8766,717.2205,820.6877,417.65,534.0684,7083.9658,1113.5878,475.8592,209.3162
SIGLEC6,0,0.958,3.69,2.4501,0.4744,0.5938,32.6284,3.9784,0.9792,948.6218,948.6218,99.43741,1.71465,0
CD48,23.2697,107.2925,11.0701,188.6594,452.5617,147.2507,17.5227,233.0207,44.0662,24.2558,452.5617,124.89695,75.67935,11.0701
CD69,34.0095,42.6296,886.8389,222.2611,322.5806,48.6877,3.6254,113.1003,14.6887,32.194,886.8389,172.06158,45.65865,3.6254
CDH13,574.5823,50.2934,415.1292,79.104,2613.3776,20.7813,73.716,216.5388,267.8248,147.2988,2613.3776,445.86462,181.9188,20.7813
CDKN1A,3903.3413,6578.8528,10667.2817,1580.679,12325.9013,3700.8614,2150.4532,4657.5732,755.0015,3959.8677,12325.9013,5027.98131,3931.6045,755.0015
COL4A1,12566.2291,3091.3663,11382.5338,5565.6283,5184.5351,1827.5712,5085.8006,6005.6834,18110.7336,6924.366,18110.7336,7574.44474,5785.65585,1827.5712
COL8A2,41.1695,158.5439,65.1907,269.8635,156.0721,22.5626,1000.6042,1168.5138,239.9162,1525.0276,1525.0276,464.74641,199.23005,22.5626
COL9A2,30.4296,14.8485,615.6212,25.5513,45.0664,328.3453,902.719,721.2276,119.4685,601.9846,902.719,340.5262,223.9069,14.8485
COL12A1,5207.6372,7469.2851,576.8758,3046.2023,11333.0171,1696.3518,6183.6858,10023.8704,3749.0575,8263.2856,11333.0171,5754.92686,5695.6615,576.8758
CPT2,673.031,939.7677,1514.7601,591.1796,408.9184,941.0982,560.1208,611.5374,599.7904,579.0518,1514.7601,741.92554,605.6639,408.9184
HAPLN1,519.0931,33.0499,309.9631,2.8001,10.4364,21.3751,6.6465,47.1725,39.6596,34.8401,519.0931,102.50364,33.945,2.8001
CRYBA1,0,0,0,0,0,0.5938,2.4169,0,0.9792,0,2.4169,0.39899,0,0
CRYBB2,0.5967,0.958,6.1501,1.4001,0.4744,2.375,1.2085,2.8417,13.7095,8.3793,13.7095,3.80933,1.88755,0.4744
CTRB1,1.1933,0,0,0,0,0,0,0,0,0,1.1933,0.11933,0,0
CYLC2,0,0,0,0,0,0,0,0,0,0,0,0,0,0
CYP2E1,7.1599,14.8485,600.3936,84.3647,6.167,7.125,236.4169,14.7769,9.7925,3.9691,600.3936,98.50141,12.2847,3.9691
DHODH,90.6921,259.6096,186.9619,91.7046,289.8482,135.3756,106.3444,135.834,109.676,642.1169,642.1169,204.81633,135.6048,90.6921
DNAH9,0,0.479,0,0.7,0,0,1.8127,1.1367,161.5762,2.2051,161.5762,16.79097,0.5895,0
DYRK1A,1460.0239,964.6749,1481.5498,2010.5005,1138.9943,987.411,1961.9335,1631.7136,1098.2285,2192.2822,2192.2822,1492.73122,1470.78685,964.6749
TYMP,2986.2768,4308.4661,297.048,850.8925,23535.1044,2056.7598,1453.7764,12954.8167,640.9189,1255.5678,23535.1044,5033.96274,1755.2681,297.048
EDN3,0,0,0,6.3003,0,0,0,0,0,0,6.3003,0.63003,0,0
EIF2S1,1076.969,1479.1043,1000.615,2228.2114,2754.7438,1676.1642,928.7009,1196.9309,1771.4627,1041.6759,2754.7438,1515.45781,1338.0176,928.7009
EIF4G2,17757.7566,18043.8271,15635.9164,25171.1586,17412.2391,22645.1392,12998.7915,13319.6931,14646.1481,17691.731,25171.1586,17532.24007,17551.98505,12998.7915
EMP1,6862.1718,2670.8179,4132.2263,741.6871,2879.0323,704.1909,902.719,2828.6445,958.1958,1911.3561,6862.1718,2459.10417,2291.087,704.1909
ERBB3,8336.5155,2357.083,7222.6322,7091.7046,1768.0266,7103.0651,3416.3142,4409.2072,2046.6319,4881.1466,8336.5155,4863.23269,4645.1769,1768.0266
ERF,989.2601,1740.6299,2071.3407,777.3889,1154.1746,425.7208,864.6526,2288.7184,1010.0961,949.9449,2288.7184,1227.1927,999.6781,425.7208
ESRRG,1.79,0.958,40.5904,455.7228,0.4744,197.1259,10.8761,0,6.8547,0.882,455.7228,71.52743,4.32235,0
FBLN2,136.6348,846.3657,2410.2091,785.0893,291.7457,14.8438,1389.1239,3121.3413,1598.6251,5134.2889,5134.2889,1572.82676,1117.7448,14.8438
FCN2,0,0,0,0,0,0.5938,1.8127,0,1.9585,0.441,1.9585,0.4806,0,0
FDX1,3075.179,903.8439,1067.0357,532.7266,789.3738,265.4075,322.0544,364.8764,840.1962,411.0254,3075.179,857.17189,661.0502,265.4075
FGF2,80.5012,14.7958,69.0898,93.3602,21.1622,23.1801,118.4592,29.2867,28.3346,41.6229,118.4592,51.97927,35.4548,14.7958
FGFR3,207.6372,1223.8055,107.6261,17.8509,1564.9905,7170.7529,816.9184,4106.8485,178.7131,5338.4785,7170.7529,2073.36216,1020.36195,17.8509
FNTA,1820.4057,2051.0119,1083.0258,1863.1432,1902.7514,1628.664,1245.9215,1132.1398,2143.088,740.0221,2143.088,1561.01734,1724.53485,740.0221
FPR1,12.5298,83.3433,9.8401,125.6563,161.2903,24.3439,40.4834,221.0855,100.8627,115.1047,221.0855,89.454,92.103,9.8401
FSHR,0,0,0,0,0,0,0,0,0,0,0,0,0,0
GFRA2,9.5465,13.8906,4.305,1.4001,1.8975,7.7188,12.6888,4.5467,57.7757,7.0562,57.7757,12.08259,7.3875,1.4001
GPT,89.4988,84.3013,31.3653,8.4004,4.2694,4.75,15.1057,10.2302,12.7302,17.1996,89.4988,27.78509,13.91795,4.2694
GSTP1,16390.2148,11593.3421,7890.5289,16066.8533,36963.4393,8516.7906,10073.716,7133.8448,10369.7647,11906.946,36963.4393,13690.54405,10981.5534,7133.8448
GTF2A1,20.2864,40.3928,22.1402,113.4057,42.2201,78.3754,12.6888,29.5539,100.8627,125.2481,125.2481,58.51741,41.30645,12.6888
GUK1,4970.1671,3352.4129,2824.7232,2040.252,6648.482,2811.4196,2888.2175,4778.0619,1866.4499,4652.7012,6648.482,3683.28873,3120.3152,1866.4499
GUSB,2158.1146,1501.6166,4190.6519,2463.4232,1640.8918,679.2532,1297.8852,926.9679,2517.1614,2119.9559,4190.6519,1949.59217,1880.42385,679.2532
GYPB,0,0,0,0,0,0,0,0,0,0,0,0,0,0
HK3,11.9332,229.4336,6.7651,105.3553,342.5047,42.1565,47.7341,315.9989,84.2155,46.7475,342.5047,123.28444,65.9748,6.7651
HMGB1,5458.8305,8275.4161,4466.7897,8525.7263,8457.3055,4630.0846,6646.5257,7782.8929,6849.362,8275.1929,8525.7263,6936.81262,7316.12745,4466.7897
NR4A1,16392.6014,856.4244,34153.1365,3645.7823,719.6395,176.9383,770.997,3478.2609,1336.1862,1628.2249,34153.1365,6315.81914,1482.20555,176.9383
HOXB7,861.5752,564.2438,490.1599,406.7203,671.7268,675.6907,858.006,642.2279,834.8104,547.7398,861.5752,655.29008,656.97735,406.7203
HTN1,0,0,0,1.7501,0,0,0,0,0,0,1.7501,0.17501,0,0
ID2,921.8377,284.0378,1240.4674,2269.5135,518.5009,1290.2249,329.3051,508.6672,376.0319,198.4564,2269.5135,793.70428,513.58405,198.4564
IGLL1,0,0,0.615,0,0,0,0,0,2.4481,0,2.4481,0.30631,0,0
IL6,75.179,44.5456,182.6568,1419.321,18.5009,7.125,19.9396,51.7192,54.838,281.3671,1419.321,215.51922,53.2786,7.125
ITGB4,23167.6611,12986.2292,11520.2952,1490.0245,12494.7818,7354.8163,12183.6858,26435.9193,722.1967,8671.6648,26435.9193,11702.72747,11851.9905,722.1967
ITGB8,208.2339,433.481,2078.1058,2152.6076,543.6433,36.8127,119.0332,530.2643,1989.3458,78.9416,2152.6076,817.04692,481.87265,36.8127
ITIH2,1.1933,1.437,9.2251,0.7,0,0.5938,12.0846,0,0.4896,0.882,12.0846,2.66054,0.791,0
ITPKA,25.0597,8.1427,2.46,1.0501,2.3719,0,20.5438,18.7553,62.672,43.6604,62.672,18.47159,13.449,0
KIR3DL1,0,1.437,0,13.6507,3.444,6.5135,0.6042,9.6334,0.9792,0,13.6507,3.6262,1.2081,0
KRT81,15.5131,4.7898,2.46,5.6003,68.7856,12.4688,1395.7704,157.9994,27.9086,9.2613,1395.7704,170.05573,13.99095,2.46
KRT84,0,0,0,0,0.4744,0,0,0,0,0,0.4744,0.04744,0,0
MAN2A2,1751.79,743.863,1150.6765,913.5457,657.0209,703.0034,1316.0121,1949.4174,760.3874,824.6968,1949.4174,1077.04132,869.12125,657.0209
MARS,1425.6325,2816.7692,1729.2497,3416.6293,2032.9507,1741.5186,2164.2236,2326.5871,1920.7297,2528.3881,3416.6293,2210.26785,2098.58715,1425.6325
MDM4,687.9475,519.6982,515.9902,725.2363,439.2789,901.3168,625.9819,712.1341,630.1472,647.8501,901.3168,640.55812,638.99865,439.2789
MGAT1,3327.5656,5532.7506,8153.1365,18321.6661,4257.1157,7836.9436,4863.4441,5340.1535,7281.7008,7212.3484,18321.6661,7212.68249,6372.5495,3327.5656
MYL5,334.1945,342.0477,258.6531,182.1946,100.5408,148.2898,245.4683,147.559,195.2869,96.419,342.0477,205.06537,188.74075,96.419
NDUFA4,6196.3007,2441.3843,3450.1845,3928.9464,2159.3928,3698.4864,2296.6767,2434.7826,2960.2718,1733.6273,6196.3007,3130.00535,2700.82805,1733.6273
NDUFB2,2770.8771,2374.3073,1795.203,1644.3682,2668.8757,1735.5395,1259.7946,1294.6746,1515.3791,1641.4112,2770.8771,1870.04303,1689.95385,1259.7946
NFATC3,579.9523,269.6683,295.203,427.3714,304.0797,485.6898,893.0514,645.638,487.6664,1328.7762,1328.7762,571.70965,486.6781,269.6683
NME1,1561.5155,3291.3328,2490.1353,2891.6066,3009.3169,2044.6651,4644.997,2376.9025,3994.9373,1232.4807,4644.997,2753.78897,2690.87095,1232.4807
NQO2,697.494,372.171,279.8278,316.4158,658.9184,348.5329,450.7553,886.0472,319.725,209.0408,886.0472,453.89282,360.35195,209.0408
NOS2,7.1599,0.479,7.3801,1.4001,3.3207,596.7216,4.2296,31.2589,35.7426,58.6549,596.7216,74.63474,7.27,0.479
NOTCH1,412.8878,4521.1352,537.5154,245.3623,4226.2808,808.6914,1300.3021,1181.0173,780.9516,1368.0265,4521.1352,1538.21704,994.85435,245.3623
NOTCH2,944.5107,1050.8921,845.0185,1359.818,1696.8691,1560.3824,1552.8701,1986.3598,3143.8812,2320.6174,3143.8812,1646.12193,1556.62625,845.0185
SLC11A2,727.327,936.4148,1560.2706,1285.9643,1001.4231,1292.0062,932.9305,1246.9452,916.0881,2187.8721,2187.8721,1208.72419,1124.18415,727.327
NUMA1,7174.3854,5509.9749,7201.5437,4725.0683,3080.8254,4750.3551,6752.0967,7739.7556,3900.1753,4953.5612,7739.7556,5578.77416,5231.76805,3080.8254
OAS2,439.7375,173.8714,349.9385,388.5194,6788.8994,6205.3108,90.6344,5315.7147,300.6297,505.8434,6788.8994,2055.90992,414.12845,90.6344
OSM,68.0191,43.5876,15.9902,378.3689,96.7742,15.4376,12.0846,153.4527,60.2239,151.2679,378.3689,99.52067,64.1215,12.0846
P2RY11,173.7232,161.2358,243.0566,121.5786,48.4013,182.5552,192.7069,360.2785,231.0882,254.7872,360.2785,196.94115,187.63105,48.4013
PCBD1,4478.5203,2074.9611,2154.9815,2886.9443,1210.6262,1364.444,1519.0332,661.5516,1886.0349,1469.4598,4478.5203,1970.65569,1702.53405,661.5516
PCP4,72.1957,0,1.845,2.4501,0,0,571.6012,93.2083,0.9792,149.9449,571.6012,89.22244,2.14755,0
PDCD2,967.1838,787.4506,429.2743,1666.0833,986.2429,546.2526,730.5136,462.0631,1287.2237,381.9184,1666.0833,824.42063,758.9821,381.9184
PEX13,528.043,1878.0984,1956.3346,2523.6262,1341.0816,2484.2618,2435.6495,1690.2529,1136.4193,2816.7585,2816.7585,1879.05258,1917.2165,528.043
PIK3CG,10.7399,13.4116,17.8352,148.7574,51.2334,26.7189,5.4381,27.2805,148.846,13.2304,148.846,46.34914,22.27705,5.4381
PLAGL2,602.0286,668.1835,621.7712,492.8246,1000.4744,935.1607,585.4985,531.401,674.2134,1534.7299,1534.7299,764.62858,644.97735,492.8246
PRRX1,29.2363,345.8268,67.0357,115.1558,279.4118,49.2815,1162.5378,1666.9508,278.5965,1325.6891,1666.9508,531.97221,279.00415,29.2363
POLA1,132.4582,325.7095,742.9274,731.1866,340.6072,308.1577,280.9668,327.3657,865.6567,646.086,865.6567,470.11218,333.98645,132.4582
POLD1,534.6062,1370.3748,646.9865,1095.9048,1240.038,583.0653,985.4985,926.9679,672.7445,957.0011,1370.3748,901.31876,941.9845,534.6062
POLE,1443.3174,1166.3274,1648.8315,1209.6605,1096.2998,782.5662,1763.142,1303.2111,2287.0377,1461.0805,2287.0377,1416.14741,1373.26425,782.5662
PRKAR1A,2778.6396,3360.0766,4739.2374,4058.1029,4805.5028,4409.8023,3725.6798,4420.0057,3535.0914,3398.0154,4805.5028,3923.01539,3891.89135,2778.6396
PTPN11,1236.2768,1892.947,1951.4145,3122.5061,2376.186,1437.4756,1995.7704,1668.6559,2664.5384,2231.5325,3122.5061,2057.73032,1973.59245,1236.2768
PTPRN2,646.778,55.0832,230.6273,31.5016,24.1935,14.2501,17.5227,30.6905,33.128,22.9327,646.778,110.67076,31.09605,14.2501
RAB5A,956.4439,1098.3116,1162.3616,3208.6104,1893.7381,1458.2569,1599.3958,924.1262,1950.6654,1312.0176,3208.6104,1556.39275,1385.13725,924.1262
RAB27A,126.4916,159.0229,169.7417,243.6122,584.9146,248.7824,182.4773,499.0054,282.0239,348.4013,584.9146,284.44733,246.1973,126.4916
RASA2,39.9761,18.2014,44.8954,107.1054,139.4687,110.438,19.3353,27.8488,42.1077,83.7927,139.4687,63.31695,43.50155,18.2014
RFX5,667.6611,740.5101,1017.2202,1232.4116,1884.7249,1486.1633,578.852,1412.333,1363.1156,454.2448,1884.7249,1083.72366,1124.8159,454.2448
RGS1,593.6754,434.439,65.1907,3540.427,2368.5958,167.4383,173.4139,2756.4649,1087.9464,569.7905,3540.427,1175.73819,581.73295,65.1907
RHD,2.3866,1.437,1.23,1.7501,0.4744,4.1741,1.2085,0,3.4274,1.323,4.1741,1.74111,1.38,0
RNF2,301.3126,356.8435,634.6863,839.342,693.074,480.9398,969.1843,454.6746,439.6831,661.9625,969.1843,583.17027,557.81305,301.3126
RPL8,81585.3222,83169.9198,26271.8327,45251.6626,56284.63,22880.2653,31415.1057,27629.4402,25942.7726,26884.6748,83169.9198,42731.56259,29522.27295,22880.2653
RPL19,48729.7136,26487.8458,26833.9483,22881.3441,36038.425,21496.2274,22050.1511,22809.3208,23063.7785,33029.7685,48729.7136,28342.05231,24775.81215,21496.2274
RRAS,926.0143,1103.1014,800.123,280.014,2027.0398,116.3756,664.0483,1172.4922,365.2601,1361.4112,2027.0398,881.58799,863.06865,116.3756
RRM1,668.8544,2343.6714,1426.8143,3280.014,2250.9488,1009.3798,719.6375,957.6584,2292.9132,1812.1279,3280.014,1676.20197,1619.4711,668.8544
RRM2,892.0048,2320.6802,1183.2718,1844.9422,3755.6926,1222.5371,931.1178,1800.5115,5002.0075,2062.624,5002.0075,2101.53895,1822.72685,892.0048
SERPINB4,490.4535,303.6762,0.738,0.7,18041.4421,0,2.3686,32.9639,0,3.0871,18041.4421,1887.54294,2.72785,0
SCNN1B,13732.1002,4358.2804,2035.6704,485.1243,2.8463,5374.0569,796.9789,567.7749,361.3431,520.3969,13732.1002,2823.45723,682.3769,2.8463
SELPLG,82.3389,179.6192,51.6605,553.0277,767.5522,286.7826,96.6767,759.3066,213.9661,208.5998,767.5522,319.95303,211.28295,51.6605
SLC1A2,5.9666,0,6.7651,9.4505,4.7438,12.4688,2.4169,9.0935,5.3859,3.5281,12.4688,5.98192,5.67625,0
SLC5A1,1.79,54.1253,1.845,0.35,2.3719,0,0.6042,0.5683,2.4481,0,54.1253,6.41028,1.1971,0
SLC10A1,2.3866,1.437,136.5314,0,0,1.7813,2.4169,0.5683,0,0,136.5314,14.51215,1.00265,0
SMARCA4,3866.9451,5189.7976,3799.508,3219.461,3530.8349,2881.4825,5082.7795,4940.6081,6304.4096,7277.1775,7277.1775,4609.30038,4403.7766,2881.4825
SPRR2G,0,23.4702,0,0,0,0,0,0,0,0,23.4702,2.34702,0,0
SQLE,119.9284,3247.9943,1981.5498,4053.9027,670.778,1733.7583,1134.139,1238.42,1287.7134,620.0662,4053.9027,1608.82501,1263.0667,119.9284
SST,998.21,0,0,0,0,0,979.4562,0,24.4812,0,998.21,200.21474,0,0
TCEA1,902.7446,1606.9932,1620.5412,2803.6402,1285.5787,1407.1942,2578.2477,1267.9739,1555.0485,1282.9107,2803.6402,1631.08729,1481.12135,902.7446
ZEB1,164.6778,126.5956,208.4871,264.2632,170.9298,362.4505,612.6888,445.0526,266.3608,495.14,612.6888,311.66462,265.312,126.5956
TERT,1.1933,41.1927,20.9102,19.951,15.1803,5.9375,109.3656,15.9136,243.8332,13.6714,243.8332,48.71488,17.9323,1.1933
TFAP2C,352.0286,472.2788,563.3456,457.4729,99.6205,695.2846,787.3112,382.495,371.1356,1057.5524,1057.5524,523.85252,464.87585,99.6205
TMPO,969.8091,1390.2622,1169.8462,4623.0417,2008.3065,1805.0917,1405.2447,1988.008,4451.0375,3014.452,4623.0417,2282.50996,1896.54985,969.8091
TOP2A,1251.1933,2507.4841,4939.1144,3839.342,3451.6129,1328.2251,4212.0846,3608.9798,7877.5742,7987.6516,7987.6516,4100.3262,3724.1609,1251.1933
TSC1,669.4511,787.9296,830.8733,1252.3626,565.9393,1167.3181,1099.6979,784.3137,1045.8387,629.7685,1252.3626,883.34928,809.40145,565.9393
TTC4,441.5274,623.3026,1007.9951,653.4827,745.7306,470.2522,823.565,670.0767,685.0782,587.8501,1007.9951,670.88606,661.7797,441.5274
TUBA4A,79.3556,651.419,658.0566,134.4067,1540.3226,429.2833,590.9366,3726.0585,55.3276,2844.5424,3726.0585,1070.97089,621.1778,55.3276
TUBB2A,833.5322,906.7178,2779.8278,1159.608,615.7495,200.6885,1635.0453,805.9108,2140.6398,527.8942,2779.8278,1160.56139,870.125,200.6885
TULP1,0.5967,2.3949,3.075,0.7,0.4744,7.125,1.8127,1.1367,7.3444,5.7332,7.3444,3.0393,2.1038,0.4744
TYRO3,124.105,660.9987,472.3247,138.2569,236.7173,216.126,168.5801,143.7908,566.496,345.3142,660.9987,307.27097,226.42165,124.105
UCP3,22.673,13.8906,17.8352,21.7011,9.962,27.3126,28.3988,25.0071,32.3152,18.9636,32.3152,21.80592,22.18705,9.962
VEGFA,13387.8282,5973.8953,4373.9237,4913.8957,3842.0304,1299.1312,4315.4079,4075.0213,7640.5958,2183.462,13387.8282,5200.51915,4344.6658,1299.1312
ZSCAN21,162.2912,141.3819,202.2263,152.0966,91.2144,207.9382,243.0876,185.1378,423.9906,143.4135,423.9906,195.27781,173.7145,91.2144
ZNF75A,202.2673,366.4232,305.6581,270.9135,202.5617,242.2512,331.1178,247.7977,507.741,330.7607,507.741,300.74922,288.2858,202.2673
ZNF215,18.4964,54.6042,127.9213,88.9044,103.8899,61.7503,104.5317,9.6618,79.3192,93.054,127.9213,74.21332,84.1118,9.6618
BSND,0,0.479,1.23,0,0,0,0.6042,0,5.8755,0.882,5.8755,0.90707,0.2395,0
TUBA1A,1365.2267,3713.1026,1623.6162,10700.7945,1383.8947,1332.9751,8193.8429,6392.1569,5629.5841,4520.9394,10700.7945,4485.61331,4117.021,1332.9751
STAM,394.3914,393.2463,469.8647,985.6493,396.1101,397.2206,520.8459,323.3873,969.4572,410.1433,985.6493,526.03161,403.68195,323.3873
RASSF7,9195.1074,2354.2091,2680.8118,1036.0518,1187.8558,1442.2256,1282.7795,1278.204,1293.0992,1511.3561,9195.1074,2326.17003,1367.6624,1036.0518
PTP4A2,7504.1766,2057.7176,4321.6482,4081.2041,1980.0759,2519.887,1610.2719,4047.7408,2642.0157,3364.9394,7504.1766,3412.96772,3003.47755,1610.2719
TAF15,2892.0048,5655.8496,4386.2239,3507.8754,3796.0152,4054.7381,6141.994,7265.7005,3365.6812,4531.8633,7265.7005,4559.7946,4220.481,2892.0048
COIL,355.0119,515.8664,414.5141,737.8369,398.9564,607.4091,769.1843,666.0983,878.387,619.1841,878.387,596.24485,613.2966,355.0119
SNN,405.7279,524.9671,500.615,229.9615,378.0835,752.8786,541.994,1217.9596,2255.7017,1903.4179,2255.7017,871.13068,533.48055,229.9615
HIST1H2BN,16.7064,11.4956,1.845,3.8502,1.8975,3.5625,1.8127,0.5683,188.5056,28.2249,188.5056,25.84687,3.70635,0.5683
CDC14B,313.8425,293.1385,509.8401,263.2132,154.649,1250.4435,271.2991,297.8119,721.707,330.7607,1250.4435,440.67055,305.8272,154.649
RUVBL1,502.4881,1258.8097,811.3223,2166.0938,1641.741,1122.8638,1432.0906,1391.9011,1742.1342,1711.5634,2166.0938,1378.1008,1411.99585,502.4881
IRS2,2983.2936,28.2601,319.8032,68.6034,203.9848,17.2188,211.4804,151.1793,423.5255,530.0992,2983.2936,493.74483,207.7326,17.2188
PEX11A,182.5776,142.7374,507.3801,154.3577,69.26,438.1896,49.5468,89.2299,123.3855,85.9978,507.3801,184.26624,133.06145,49.5468
PROM1,11.9332,1.9159,616.2362,0,0.9488,1.7813,4.8338,6.8201,5.3859,7.4972,616.2362,65.73524,5.10985,0
NR1I2,0,1.9159,12.3001,5.2503,0.9488,1.1875,3.0211,0.5683,17.1369,5.7332,17.1369,4.80621,2.4685,0
WASL,2738.0668,1347.8625,1518.4502,2991.2496,1579.6964,2014.0096,1194.5619,1485.081,1232.3857,1439.0298,2991.2496,1754.03935,1501.7656,1194.5619
UNC119,939.1408,891.8692,892.9889,795.9398,650.3795,1083.5989,829.6073,998.0108,915.5985,624.0353,1083.5989,862.1169,892.42905,624.0353
LPAR2,429.5943,897.1381,1059.0406,767.5884,373.3397,1053.9113,2116.0121,494.4587,526.3467,321.0584,2116.0121,803.84883,646.96755,321.0584
ARHGEF2,1423.6277,774.518,1987.6999,2518.3759,1230.5503,686.3783,1345.0151,1271.9523,2277.7348,732.0838,2518.3759,1424.79361,1308.4837,686.3783
CD163,47.7327,512.5135,43.6654,915.2958,1597.2486,240.4699,158.9124,1492.4695,616.4377,628.8864,1597.2486,625.36319,564.4756,43.6654
NMT2,108.5919,95.3179,108.2411,169.7585,254.7438,176.9383,172.2054,102.8701,780.9516,166.7034,780.9516,213.6322,168.23095,95.3179
FAM189A2,241.0501,72.8057,191.8819,26.9513,1.4231,72.4378,104.5317,10.2302,26.4397,23.3738,241.0501,77.11253,49.69455,1.4231
GTF2IRD1,852.0286,1411.5675,1343.7884,661.8831,582.5427,910.8168,2017.5227,1077.0105,1898.7652,1086.2183,2017.5227,1184.21438,1081.6144,582.5427
SAFB2,1940.3341,1491.5579,1547.9705,1340.567,981.9734,1543.7574,1690.6344,1827.2236,1580.0194,1413.4509,1940.3341,1535.74886,1545.86395,981.9734
CCDC144A,7.8878,9.2827,0,6.6503,18.5389,66.3697,5.6918,2.2734,31.9186,3.5281,66.3697,15.21413,7.26905,0
PHACTR2,219.5704,210.7532,465.5597,684.6342,348.1973,777.8162,381.8731,206.877,724.6448,257.1114,777.8162,427.70373,365.0352,206.877
DDX46,727.9236,1216.6208,1011.6851,2305.5653,1226.2808,1243.9122,713.5952,977.5504,1387.5968,845.4245,2305.5653,1165.61547,1114.15295,713.5952
PDCD6IP,2921.8377,4168.1236,2942.8044,5309.7655,4274.6679,3711.5489,3693.0514,2552.4297,2276.2659,2621.8302,5309.7655,3447.23252,3317.9279,2276.2659
PARP2,306.6826,425.3383,332.1033,448.7224,488.1404,304.5952,504.5317,593.3504,611.0518,448.9526,611.0518,446.34687,448.8375,304.5952
PARP3,387.8282,472.7578,271.2177,79.454,963.9469,1284.2874,314.1994,909.9176,134.6468,300.3308,1284.2874,511.85866,351.0138,79.454
AP1M2,3609.7852,3085.6185,4047.3555,2132.3066,1265.1803,2360.7613,1561.9335,2556.9764,1386.1279,3110.4741,4047.3555,2511.65193,2458.86885,1265.1803
ATP9A,1919.4511,1937.9715,2161.7466,1105.0053,190.7021,3873.6435,2050.1511,1612.9582,2366.3569,1141.3451,3873.6435,1835.93314,1928.7113,190.7021
SORBS3,3923.031,907.1967,1293.9729,390.9695,606.7362,299.8452,1955.8912,1603.2964,1885.0557,1069.0187,3923.031,1393.50135,1181.4958,299.8452
MPHOSPH9,78.7589,122.1411,67.6507,352.1176,145.1613,69.4691,58.6103,144.9275,480.322,281.3671,480.322,180.05256,133.5343,58.6103
MPHOSPH10,752.3866,1088.2529,934.8093,3182.3591,763.2827,1997.3845,1656.7976,932.083,2134.2747,1078.28,3182.3591,1451.99104,1083.26645,752.3866
DHRS2,1659.3079,77303.317,8556.5806,52.5026,135.6736,132668.1322,5277.3414,5972.7195,308.4637,2082.9107,132668.1322,23401.69492,3680.12605,52.5026
OLIG2,0,0,0,0,0.4744,0.5938,0.6042,0,0,1.323,1.323,0.29954,0,0
GLYAT,0.5967,0.479,0,0,0,0.5938,1.8127,0,0,2.6461,2.6461,0.61283,0.2395,0
TUBA1B,17258.7232,36642.2081,28246.845,25208.9849,29633.8994,11681.2082,23025.4502,24230.3552,31194.1509,32455.0915,36642.2081,25957.69166,26727.91495,11681.2082
TUBB3,697.2792,1271.1388,317.3616,5868.6769,451.6129,104.8746,5180.0604,1712.3274,5300.0176,762.0375,5868.6769,2166.53869,1016.58815,104.8746
TUBB4B,18612.7685,19820.3808,22261.9865,9911.0956,9021.3472,11739.0872,9550.4471,12111.3896,8478.3439,8323.2591,22261.9865,12983.01055,10825.0914,8323.2591
ZBTB18,223.1504,36.4028,281.0578,806.0903,108.6338,608.0029,196.3746,80.1364,256.5634,425.1378,806.0903,302.15502,239.8569,36.4028
AGPAT2,9686.7542,5004.9096,3384.3788,363.3182,1038.425,1382.2566,4235.6495,1109.4061,2125.4615,1487.5413,9686.7542,2981.81008,1806.5014,363.3182
IFI44,559.0692,59.8731,119.9262,180.959,3667.4573,1186.3182,65.861,3093.4925,158.1488,474.9724,3667.4573,956.60777,327.9657,59.8731
PRPF8,5289.9761,6011.2561,7148.2165,6982.8491,4607.2106,4222.1764,5275.5287,2879.7954,7320.3811,5757.0011,7320.3811,5549.43911,5523.4886,2879.7954
NUDC,2740.4535,2722.5482,2528.9053,2766.5383,3645.1613,1648.8516,2974.0181,3563.5124,2542.1322,3543.1092,3645.1613,2867.52301,2753.4959,1648.8516
PLK2,1116.9451,1775.5957,1004.92,184.8092,3595.351,247.0012,556.4955,3540.7786,415.2019,833.5171,3595.351,1327.06153,919.21855,184.8092
ZBTB6,88.9021,247.635,167.8967,427.3714,203.5104,422.752,215.71,226.769,281.0447,218.3021,427.3714,249.98934,222.53555,88.9021
GJB6,15.5131,3070.77,192.4969,983.8992,11801.7078,1351.9752,2419.9396,543.3362,455.8407,101.4333,11801.7078,2093.6912,763.6177,15.5131
USP20,882.4582,639.4444,497.54,871.1936,595.8254,893.598,1072.5076,987.2123,849.9887,843.2194,1072.5076,813.29876,860.59115,497.54
YIF1A,1177.2076,1441.2645,1848.7085,1726.6363,1362.4288,1302.1,1227.7946,1403.2396,1089.4153,1145.3142,1848.7085,1372.41094,1332.2644,1089.4153
MAN1A2,317.4224,316.6088,351.1685,721.7361,212.0493,655.5031,193.3535,307.4737,585.1017,463.5061,721.7361,412.39232,334.29545,193.3535
EHMT2,1323.389,1633.8163,1170.9717,2497.3749,1537.0019,1145.943,2028.3988,2134.129,7087.3197,3361.8523,7087.3197,2392.01966,1831.10755,1145.943
POP1,112.1718,540.7736,168.5117,424.9212,170.3036,137.7507,183.0816,184.7116,418.1396,143.7707,540.7736,248.41361,176.6926,112.1718
TLK2,557.2792,536.9417,778.5978,846.3423,755.6926,802.7538,683.9879,921.2845,1099.2078,577.2878,1099.2078,755.93754,767.1452,536.9417
KLK8,0,4.3109,0.615,0,0,0,21.7523,14.2086,5.8755,0,21.7523,4.67623,0.3075,0
PPM1E,10.9069,2.5817,21.7712,8.9779,1.518,6.4838,9.1601,4.1887,11.2124,9.1996,21.7712,8.60003,9.069,1.518
ZBTB1,810.8592,775.4233,613.7761,884.8442,643.2638,1155.4014,494.2598,745.6152,598.7524,566.0551,1155.4014,728.82505,694.4395,494.2598
PTGR1,2204.6539,766.8543,2525.2153,2028.3514,749.0512,4960.2111,4416.3142,467.1782,1086.4775,306.505,4960.2111,1951.08121,1557.41445,306.505
FAIM2,1.1933,1.437,7.3801,8.7504,5.6926,4.1563,32.6284,17.6186,2.4481,2.2051,32.6284,8.35099,4.92445,1.1933
RBM34,1266.1098,866.0041,536.9004,865.5933,1344.4118,751.0973,935.9517,919.8636,661.4832,865.2701,1344.4118,901.26853,865.7987,536.9004
DTX4,1896.778,2553.9456,2835.7934,3155.0578,388.0455,4199.02,3482.1752,795.6806,3617.838,1362.2933,4199.02,2428.66274,2694.8695,388.0455
PHLPP1,1084.7255,696.9225,792.1279,526.7763,655.5977,1480.2258,475.5287,184.7116,320.2147,504.5204,1480.2258,672.13511,591.187,184.7116
EXOC7,3585.6205,3490.8586,4870.2337,2017.1509,2150.3795,5116.0356,6288.3082,5150.628,5934.3756,2865.7111,6288.3082,4146.93017,4227.9271,2017.1509
SPECC1L,872.315,839.6599,809.3481,647.8824,527.0398,1002.8485,1269.4864,627.451,1701.936,893.054,1701.936,919.10211,855.98745,527.0398
NUDCD3,1428.9976,1954.257,1979.0898,2075.2538,1741.9355,2006.8846,2238.0665,1312.873,2560.738,1708.9305,2560.738,1900.70263,1966.6734,1312.873
PIP5K1C,2137.8282,1299.9641,1460.0246,789.9895,817.8368,1547.3199,1633.8369,1287.8659,1443.4141,1089.3054,2137.8282,1350.73854,1371.6891,789.9895
CRB1,1.79,0,0,0.35,0,0,0,0,0,0,1.79,0.214,0,0
GPR161,54.2959,89.0911,66.4207,113.0557,252.3719,29.6876,249.5468,125.6039,184.0989,76.7365,252.3719,124.0909,101.0734,29.6876
LPAR3,0.5967,24.9072,27.6753,24.5012,228.1784,174.5633,105.136,10.2302,19.0954,132.3043,228.1784,74.7188,26.29125,0.5967
CD2AP,2803.1026,1734.8821,3014.7601,6074.9037,1792.6945,3589.8296,1543.2024,896.2774,1625.5545,1693.495,6074.9037,2476.87019,1763.7883,896.2774
NUP62,1095.4535,2544.1265,1295.0677,2913.6052,1384.5209,2988.7142,1959.0091,1814.4984,4258.4093,2351.8765,4258.4093,2260.52813,2155.4428,1095.4535
IFIT5,573.389,73.2846,246.0025,168.7084,1384.2505,416.2207,127.4924,488.2069,176.7546,300.3308,1384.2505,395.46404,273.16665,73.2846
FSCN2,5.3699,31.613,12.3001,1.4001,1.4231,4.1563,15.71,7.9568,2.4481,5.2922,31.613,8.76696,5.33105,1.4001
POU2F3,6.5632,73.2846,914.5141,34.3017,0.9488,16.6251,72.5076,150.611,79.8089,242.9989,914.5141,159.21639,72.8961,0.9488
ASF1A,275.0597,348.2218,202.952,1005.2503,336.8121,1331.7876,358.9124,210.287,1361.1571,266.8137,1361.1571,569.72537,342.51695,202.952
MPC2,427.2076,591.0669,1480.9348,493.8747,472.9602,1760.4771,765.5589,593.9187,635.0434,848.9526,1760.4771,806.99949,614.48105,427.2076
SH2B1,2064.4391,902.4069,1341.3284,653.8327,648.9564,1401.8504,1688.2175,1048.5934,943.0175,1328.7762,2064.4391,1202.14185,1188.6848,648.9564
TMEM98,409.3079,257.2147,2523.9852,296.4648,808.3491,1303.2875,751.6616,416.5956,2282.631,322.3815,2523.9852,937.18789,584.1286,257.2147
TCTN3,796.5394,775.476,531.3653,823.5912,777.5142,707.1596,555.287,660.4149,989.0422,670.3418,989.0422,728.67316,741.3178,531.3653
KCNG2,0,3.3529,1.23,1.7501,0.9488,0,3.0211,6.8201,0.9792,3.9691,6.8201,2.20713,1.49005,0
CABYR,14.3198,84.7803,71.9557,98.7049,120.4934,178.7196,134.139,116.5104,217.3934,14.5535,217.3934,105.157,107.60765,14.3198
OR10G3,0,0,0,0,0,0,0,0,0,0,0,0,0,0
ARHGEF16,1260.7399,1026.9429,1513.5301,277.5639,246.2049,322.4078,609.0634,678.6019,452.4134,1741.5656,1741.5656,812.90338,643.83265,246.2049
BBS9,81.7422,160.4598,178.9668,309.0655,185.4839,163.282,199.3958,132.424,317.2769,366.4829,366.4829,209.45798,182.22535,81.7422
DROSHA,1010.7399,866.0041,1454.4895,1301.7151,1016.6034,1307.4437,2091.8429,2055.6976,1830.2177,1408.1588,2091.8429,1434.29127,1357.80125,866.0041
SCG3,0.5967,1.437,24.6002,1.0501,0.4744,0,3.0211,0.5683,6.3651,0.441,24.6002,3.85539,0.8234,0
UQCR10,6320.4057,2757.0351,2192.4969,2003.1502,2059.7723,2714.0442,2236.858,1457.8005,3315.7395,2134.5094,6320.4057,2719.18118,2214.67745,1457.8005
CERS2,6957.0406,3520.0575,11986.4699,8480.924,3091.0816,1826.9775,3993.3535,4647.343,7556.8699,3300.9923,11986.4699,5536.11098,4320.34825,1826.9775
RRM2B,588.3055,1576.3382,880.6888,605.5303,623.3397,577.7215,1480.9668,1049.73,470.0399,527.0121,1576.3382,837.96728,614.435,470.0399
MYEF2,24.463,5.2688,178.9176,311.8551,18.5294,128.5712,136.139,17.7664,450.0142,9.4862,450.0142,128.10109,76.5171,5.2688
EXOSC1,423.6277,604.9575,293.3579,798.7399,528.9374,301.6264,480.3625,475.7033,575.3092,548.1808,798.7399,503.08026,504.64995,293.3579
APIP,289.6539,212.1135,428.5547,549.9405,423.3966,247.9037,228.1329,146.1267,1123.8555,233.0673,1123.8555,388.27453,268.7788,146.1267
CUTC,456.2232,242.4524,138.7269,281.3826,211.1006,130.3169,208.2236,232.5604,543.3906,303.6472,543.3906,274.80244,237.5064,130.3169
TRAPPC12,1288.7828,683.032,936.0394,950.2975,555.5028,1116.2553,1010.2719,772.9469,786.8271,732.5248,1288.7828,883.24805,861.43325,555.5028
ANGPTL4,9359.7852,1734.4031,5200.492,7089.6045,2125.2372,61.7503,228.3988,2649.6164,476.405,280.0441,9359.7852,2920.57366,1929.82015,61.7503
DYNC1LI1,551.3126,703.1493,555.3506,2096.6048,1083.9658,591.9716,937.1601,570.6167,1308.7672,554.355,2096.6048,895.32537,647.56045,551.3126
TUBE1,164.0811,186.804,105.1661,355.6178,153.7002,117.5631,184.29,150.611,329.5175,94.3771,355.6178,184.17279,158.89065,94.3771
ZNF639,529.2363,384.1456,447.7245,537.9769,569.26,415.627,523.2628,325.6607,471.0191,630.6505,630.6505,483.45634,497.14095,325.6607
CHST15,356.8019,541.7315,86.1009,208.2604,1023.7192,84.3129,536.5559,844.5581,558.1723,361.1907,1023.7192,460.14038,448.8733,84.3129
BIN2,26.253,67.0578,27.6753,182.3591,278.463,150.8132,15.1057,267.6897,44.0662,58.2139,278.463,111.76969,62.63585,15.1057
LCMT1,754.7733,567.1177,635.9164,3315.0158,631.4042,394.8456,586.1027,762.1483,950.8515,687.1003,3315.0158,928.52758,661.50835,394.8456
GSKIP,655.1313,425.8173,680.8118,498.4249,953.9848,770.6912,266.4653,477.4084,479.3427,657.9934,953.9848,586.60711,576.7781,266.4653
JKAMP,371.7184,698.8385,791.5129,433.3217,884.2505,1018.2861,500.3021,786.5871,604.1971,522.602,1018.2861,661.16164,651.5178,371.7184
UBE2D4,311.2768,214.9395,221.2423,161.0781,64.3311,249.7681,218.006,100,401.9771,122.1786,401.9771,206.47976,216.47275,64.3311
DHRS7,1951.6706,1005.8676,2734.3173,1452.9226,2635.6736,2754.4194,938.3686,1030.4064,1125.6475,460.86,2754.4194,1609.01536,1289.28505,460.86
ASB1,225.8473,377.665,516.8942,217.8124,298.2021,211.471,461.2749,259.1077,318.5646,239.8942,516.8942,312.67334,278.6549,211.471
GPRC5B,117.5418,278.769,266.2977,210.7105,21.8216,61.7503,160.1208,217.1071,714.8523,207.2767,714.8523,225.62478,208.9936,21.8216
LUC7L3,1994.6301,2385.8221,1598.401,2390.9695,2606.7362,2551.9497,3746.2236,2115.942,3375.9633,1588.5336,3746.2236,2435.51711,2388.3958,1588.5336
TM7SF3,764.3198,3806.0113,4021.5252,323.4162,2863.3776,884.098,1659.2145,2912.7593,930.2872,1486.2183,4021.5252,1965.12274,1572.7164,323.4162
MYOZ2,0.5967,0,0.615,0,0,0,3.6254,5.1151,0.4896,0,5.1151,1.04418,0.2448,0
SPA17,164.0811,174.8294,181.4268,135.4568,212.9981,39.1877,60.423,80.1364,81.2777,99.6692,212.9981,122.94862,117.563,39.1877
FGFRL1,655.7279,263.4415,565.1907,654.5327,215.8444,143.0944,108.7613,211.992,1472.7915,304.7409,1472.7915,459.61173,284.0912,108.7613
CNNM2,207.6372,256.7357,277.9828,213.5107,152.7514,143.0944,106.9486,93.7766,338.8204,266.3727,338.8204,205.76305,210.57395,93.7766
CHTF8,1418.8544,2163.6882,1110.0677,1678.7819,2023.7192,2282.8015,1577.6435,2536.1523,2236.0481,4944.9305,4944.9305,2197.26873,2093.7037,1110.0677
FAM118A,439.1408,970.4227,776.7528,1143.8572,345.351,1007.5986,2305.136,656.4365,431.8491,724.5865,2305.136,880.11312,750.66965,345.351
PRPF39,633.0549,515.3874,460.0246,592.9296,466.7932,821.7539,554.0785,491.0486,513.6165,365.1599,821.7539,541.38471,514.50195,365.1599
RALGPS2,457.0406,490.9592,1043.0504,326.5663,289.3738,450.6584,543.2024,603.0122,430.8699,281.3671,1043.0504,491.61003,453.8495,281.3671
KLHL11,8.9499,6.7058,24.6002,63.0032,11.3852,15.4376,3.6254,6.8201,40.1492,17.1996,63.0032,19.78762,13.4114,3.6254
ECHDC2,1822.7924,735.7203,1634.6863,471.4736,771.8216,958.3171,1993.9577,1129.2981,743.2505,647.409,1993.9577,1090.87266,865.06935,471.4736
ZNF444,552.506,926.8351,383.1488,993.3497,486.7173,462.5335,876.7372,631.4294,844.6029,626.2404,993.3497,678.41003,628.8349,383.1488
TBC1D2,2712.4105,1018.3212,368.3887,239.062,1731.9734,2630.325,931.7221,1827.2236,226.6963,2918.6329,2918.6329,1460.47557,1375.1473,226.6963
CHST12,642.6014,571.4286,316.1132,132.3066,345.351,356.2517,497.8852,371.6965,511.1683,270.3418,642.6014,401.51443,363.9741,132.3066
HES6,202.864,188.2409,465.5597,124.9562,72.1063,64.1253,487.6133,71.6113,521.9401,37.9272,521.9401,223.69443,156.59855,37.9272
STAP2,2668.2578,2061.0705,1428.0443,1536.2268,1345.8254,2322.7611,2175.2266,2443.3078,103.3108,982.1389,2668.2578,1706.617,1798.64865,103.3108
NGLY1,628.8783,603.9995,643.9114,652.7826,594.8767,1174.4431,899.0937,384.7684,295.2438,580.3749,1174.4431,645.83724,616.4389,295.2438
UNC45A,3371.7184,2585.0796,2186.9619,2501.5751,1978.6528,2149.3852,2169.7885,3258.8804,1265.6802,2988.7541,3371.7184,2445.64762,2344.2685,1265.6802
CPXM1,70.4057,586.2771,224.4772,219.461,251.4231,55.8128,1436.2538,3522.5916,717.79,897.4642,3522.5916,798.19565,418.8501,55.8128
SPHK2,327.685,2988.672,389.9139,962.3031,150.8966,327.9,1024.8943,270.2472,1081.1798,532.2337,2988.672,805.59256,461.0738,150.8966
CDC42SE2,2058.4726,988.6241,1075.0308,1188.6594,1170.778,1638.1641,621.148,1633.9869,728.5618,733.8479,2058.4726,1183.72736,1122.9044,621.148
SLC17A6,0,0,1.23,0,0,0,0,0,0,0,1.23,0.123,0,0
REXO1,1465.9905,943.1206,1221.4022,586.6293,777.5142,798.0038,1587.3112,1107.7011,1248.5434,717.9713,1587.3112,1045.41876,1025.41085,586.6293
CNOT6,757.7566,1212.7889,883.1488,1806.7903,1438.3302,1308.6312,779.4562,781.472,1530.5673,945.9757,1806.7903,1144.49172,1079.3823,757.7566
CALCOCO1,1192.7208,1037.9595,1102.706,3074.5537,1048.8615,1673.1955,1232.6284,1770.9577,758.4289,1823.1533,3074.5537,1471.51653,1212.6746,758.4289
ZBTB26,25.6563,32.092,47.9705,115.8558,37.4763,84.9067,35.6495,41.4891,99.3938,39.6913,115.8558,56.01813,40.5902,25.6563
TRIB3,125.895,605.9155,467.4047,480.574,420.778,510.6274,804.8338,264.2796,591.4668,477.6185,804.8338,474.93933,479.09625,125.895
CYP4F11,2.9833,256.7357,281.0578,156.4578,0.9488,780.1912,24.7734,9.6618,105.2693,3.0871,780.1912,162.11662,65.02135,0.9488
TP53INP2,983.2936,444.4977,829.6433,1868.3934,222.4858,580.0965,411.4804,720.0909,1190.278,958.3241,1868.3934,820.85837,774.8671,222.4858
EPS15L1,727.327,873.6678,828.4133,938.3969,555.5028,762.9724,942.5982,716.1125,679.5993,666.3727,942.5982,769.09629,745.1497,555.5028
PRDM13,0.5967,1.9159,0,1.4001,6.6414,0.5938,0.6042,0,5.3859,2.2051,6.6414,1.93431,1.00215,0
SENP2,514.3198,399.9521,556.5806,668.5334,544.1176,643.0343,407.855,556.9764,1048.7764,910.6946,1048.7764,625.08402,556.7785,399.9521
CDH26,38.1862,64.6629,975.3998,3.1502,250.4744,1017.0986,1319.6375,52.8559,30.8464,17.6406,1319.6375,376.99525,58.7594,3.1502
C14orf93,403.3413,222.7278,167.8967,211.4106,154.1746,213.1573,230.2115,237.5675,220.3312,279.1621,403.3413,233.99806,221.5295,154.1746
MRPL17,1038.7828,1806.2507,1687.5769,1248.5124,2300.759,991.5672,1355.287,987.7806,1092.353,1458.4344,2300.759,1396.7304,1301.8997,987.7806
CENPK,31.0263,216.022,151.2915,200.91,410.8159,94.4067,94.864,126.1722,67.0786,116.8688,410.8159,150.9456,121.5205,31.0263
TMPRSS3,79.3556,4.3109,113.1611,6.3003,142.315,24.9376,8.4592,335.3225,5.3859,10.5843,335.3225,73.01324,17.76095,4.3109
MTHFSD,360.9785,364.5072,188.1919,162.4081,244.7818,178.1258,224.1692,409.2072,241.3851,612.1279,612.1279,298.58827,243.08345,162.4081
WNK1,2000,2233.984,3086.7159,2493.5247,2749.5256,2818.5447,2392.7492,2025.5754,1682.8406,1830.6505,3086.7159,2331.41106,2313.3666,1682.8406
MIS12,409.9045,301.2813,455.7196,509.2755,290.797,345.5641,271.2991,243.2509,721.707,394.2668,721.707,394.30658,369.91545,243.2509
C11orf49,711.8138,752.9637,802.583,540.427,334.4402,336.0641,574.0181,568.3433,664.9105,426.4609,802.583,571.20246,571.1807,334.4402
GLB1L,17.8998,59.3941,87.3309,120.056,74.0038,57.594,54.3807,94.9133,104.2901,115.1047,120.056,78.49674,80.66735,17.8998
LRFN3,442.1241,473.7157,512.3001,144.9072,250,294.5014,459.2145,561.5232,158.6385,405.7332,561.5232,370.26579,423.92865,144.9072
RNF219,202.864,444.2917,239.5941,448.7294,273.7192,332.3888,446.8701,348.9628,128.7566,446.9416,448.7294,331.31183,340.6758,128.7566
TCTN1,379.4749,177.3919,465.5597,451.5226,222.0114,134.7819,316.6163,269.3947,480.2632,368.5204,480.2632,326.5537,342.56835,134.7819
HMBOX1,56.0859,25.3862,57.1956,72.1036,37.0019,82.5316,31.4199,78.9997,85.6843,33.9581,85.6843,56.03668,56.64075,25.3862
PLEKHF2,253.58,1552.8679,822.8782,635.2818,276.0911,1438.0694,297.281,1339.5851,547.8902,657.5524,1552.8679,782.10771,646.4171,253.58
STEAP4,192.7208,27.7811,554.1205,34.3017,588.2353,24.3439,39.2749,48.8775,146.8875,165.8214,588.2353,182.23646,97.8825,24.3439
TBL1XR1,1612.7685,2088.8516,1520.2952,10742.0371,2221.537,2786.482,2540.7855,4512.0773,3006.7862,6363.8368,10742.0371,3739.54572,2663.63375,1520.2952
CLIP4,147.9714,34.4869,446.4945,112.0056,659.8672,302.2202,305.136,743.9614,377.9904,121.72,743.9614,325.18536,303.6781,34.4869
KATNBL1,656.3246,458.3882,345.0185,1175.7088,588.7097,233.3449,275.5287,419.4373,789.2753,310.9151,1175.7088,525.26511,438.91275,233.3449
PDZD3,5.3699,65.1419,955.7196,12.9506,0,45.1252,278.5498,0,21.0539,3.5281,955.7196,138.7439,17.00225,0
RIN3,570.4057,479.4635,421.8942,210.3605,671.2524,224.4386,545.0151,833.7596,435.2765,700.7718,833.7596,509.26379,512.2393,210.3605
SEMA6D,19.6897,2.8739,28.9053,10.1505,6.6414,7.7188,28.3988,23.8704,29.3775,29.1069,29.3775,18.67332,21.78005,2.8739
ZNF606,276.9749,247.635,186.9619,333.1887,95.8254,71.2503,197.5831,193.6687,505.8657,229.0584,505.8657,233.80121,213.32075,71.2503
EDEM3,477.9236,437.7919,1292.1279,1007.0004,663.1879,939.9107,1336.5559,454.6746,536.6288,1016.538,1336.5559,816.23397,801.5493,437.7919
SPHKAP,0,0,0,0,0,0,0,0,0,0,0,0,0,0
PUS1,997.0167,752.9637,787.8229,751.8376,808.3491,623.4405,1496.6767,653.5948,819.632,728.5557,1496.6767,841.98897,770.3933,623.4405
WDR61,463.0072,1034.1276,508.6101,787.8894,717.7419,703.5971,560.1208,878.0904,548.3798,960.9702,1034.1276,716.25345,710.6695,463.0072
TTYH3,747.6134,2293.857,1921.8942,1313.2657,2144.6869,1432.7256,6396.9789,2647.9113,5437.284,2220.0662,6396.9789,2655.62832,2182.37655,747.6134
TAS1R1,0.5967,0,8.6101,1.7501,0,2.9688,0,1.1367,1.4689,0,8.6101,1.65313,0.8667,0
TUBB1,8.3532,17.7224,9.8401,7.7004,6.167,17.2188,25.9819,10.2302,8.3236,13.2304,25.9819,12.4768,10.03515,6.167
HM13,3151.1098,6497.2051,3591.3715,5059.804,4233.6243,3475.1047,3186,3763.1145,3128.7273,7454.6064,7454.6064,4354.06676,3677.243,3128.7273
CALN1,0,0,1.23,0.7,0,0,0,1.705,9.3029,0,9.3029,1.29379,0,0
KLF16,806.6826,615.0162,821.0332,416.8708,1613.3776,472.6273,916.0121,1196.3626,550.3383,585.667,1613.3776,799.39877,710.8494,416.8708
KRTAP1-5,1.1933,2.8739,4.305,8.4004,0,1.1875,0.6042,2.2734,0,2.2051,8.4004,2.30428,1.6992,0
TATDN1,317.4224,547.0004,305.0431,719.286,307.8748,297.4702,271.9033,281.3299,631.6161,227.5634,719.286,390.65096,306.45895,227.5634
FBXO30,291.1695,250.9879,254.6125,654.1827,398.9564,224.4386,229.003,165.9562,386.8036,206.3947,654.1827,306.25051,252.8002,165.9562
PPP1R1B,211.2172,24.9072,3376.9988,4.5502,0,0,28.3988,28.4172,4064.3759,11.4664,4064.3759,775.03317,26.653,0
TRAF7,3453.7291,2549.9653,3230.0431,2333.1537,2483.871,1569.8112,2654.8097,2468.2126,4213.0603,2570.1963,4213.0603,2752.68523,2560.0808,1569.8112
DYDC2,0,0.479,0.615,0,0.9488,0,1.8127,1.1367,67.5682,0,67.5682,7.25604,0.547,0
LCOR,29.6897,32.3362,48.3149,185.3203,65.6784,58.0987,14.7432,16.8798,61.2178,93.9008,185.3203,60.61798,53.2068,14.7432
ACRBP,12.5298,16.2855,29.5203,25.2013,11.3852,2.9688,108.1571,103.4385,182.6301,50.2756,182.6301,54.23922,27.3608,2.9688
TUBB6,3781.8198,3582.6751,4156.7282,712.1456,8713.6812,297.583,1852.3746,1794.1631,3231.3086,1798.1874,8713.6812,2992.06666,2541.8416,297.583
LCE3D,0.5967,149.4432,0,0,0,0,3.0211,0,0,0,149.4432,15.3061,0,0
TUBA1C,8724.9403,13554.3049,11642.6814,9137.9069,14645.1613,6134.6542,6640.4834,8264.848,10457.4075,8319.2944,14645.1613,9752.16823,8931.4236,6134.6542
MAEL,0.5967,0,4.305,1.0501,3.3207,0.5938,0.6042,1.705,2052.0177,1.7641,2052.0177,206.59573,1.37755,0
TNKS1BP1,1708.8305,7435.2772,2938.4994,2569.8285,3116.6983,6603.1252,7812.6888,7266.2688,2544.5803,9219.4046,9219.4046,5121.52016,4859.91175,1708.8305
GTPBP10,210.6205,256.7357,268.7577,712.6356,268.0266,390.0956,265.861,258.5962,416.1811,269.9008,712.6356,331.74108,268.39215,210.6205
ZNF628,256.5632,281.1639,207.8721,220.511,107.2106,177.5321,236.2538,237.5675,242.3643,270.7828,281.1639,223.78213,236.91065,107.2106
CTU1,75.7757,178.1823,57.1956,143.1572,65.4649,46.3127,224.1692,101.7334,144.929,70.1213,224.1692,110.70413,88.75455,46.3127
KNSTRN,309.6659,440.1868,332.7183,1100.455,592.0304,141.3132,349.8489,309.7471,1576.1024,480.7056,1576.1024,563.27736,395.01785,141.3132
PYGO2,1494.0334,1678.8409,2343.1734,2824.2912,1231.0247,1840.04,2813.8973,1986.9281,4789.5103,2323.7045,4789.5103,2332.54438,2155.3163,1231.0247
ZNF479,0,0,0.615,0.35,0,0,0,0,22.0331,0,22.0331,2.29981,0,0
FDXACB1,60.8592,93.402,68.2657,44.8337,36.0531,90.8442,39.8792,63.0861,100.3731,43.2679,100.3731,64.08642,61.97265,36.0531
ZNF300,49.5227,83.3433,510.4551,295.4148,117.6471,235.7199,618.7311,51.1509,676.1719,108.4895,676.1719,274.66463,176.6835,49.5227
INTS4,394.9881,554.6641,496.31,380.119,440.7021,219.6885,642.2659,581.8471,379.9489,349.1114,642.2659,443.96451,417.8451,219.6885
UBTD2,449.284,1183.0918,520.2952,932.0966,499.0512,679.2532,706.3444,579.7101,798.5781,667.2547,1183.0918,701.49593,673.25395,449.284
MOB1B,720.7637,951.7423,549.2005,914.5957,731.0247,830.0665,540.7855,531.9693,587.0602,376.6262,951.7423,673.38346,653.91195,376.6262
UBE2Q2,368.7351,740.0311,453.8745,529.5765,822.1063,682.222,592.7492,649.048,677.6408,641.6759,822.1063,615.76594,645.36195,368.7351
EGLN3,1974.9403,4405.2209,1551.6605,128.8064,1097.2486,2386.2926,3238.0665,1342.9952,341.7581,497.9052,4405.2209,1696.48943,1447.32785,128.8064
TUBA3E,0,0,1.23,1.4001,0.4744,0.5938,0,0,861.2501,319.7354,861.2501,118.46838,0.5341,0
IL17F,0,0,0,0,0,0.5938,0,0,0.4896,0,0.5938,0.10834,0,0
C12orf57,1786.9928,1273.6199,993.2349,907.5954,1365.7495,853.2228,1454.3807,1498.7212,1042.4113,1958.9857,1958.9857,1313.49142,1319.6847,853.2228
SDSL,557.8759,293.6175,634.6863,163.8082,212.5237,184.6571,345.6193,315.4305,103.3108,164.4983,634.6863,297.60276,253.0706,103.3108
UHRF2,576.969,644.2342,479.7048,1311.8656,994.3074,801.5663,462.8399,527.4226,753.043,707.387,1311.8656,725.93398,675.8106,462.8399
FOXP4,1714.2005,1176.3861,1060.8856,3513.1257,800.2846,765.9412,1339.577,2738.8463,1809.6534,1304.5204,3513.1257,1622.34208,1322.0487,765.9412
FAM210B,2558.4726,1006.3465,1273.0627,880.994,1017.5522,2786.482,2490.0302,1509.5197,1491.8869,2649.6141,2786.482,1766.39609,1500.7033,880.994
IL22RA2,0.5967,0.958,0,3.8502,2.8463,2.375,0.6042,4.5467,0.4896,0.441,4.5467,1.67077,0.7811,0
TOP1MT,1538.1862,1637.1692,895.449,947.8474,1297.4383,947.6295,1912.3867,571.7533,567.9648,567.5854,1912.3867,1088.34098,947.73845,567.5854
RLN3,0,0,0,0,0,0,0,0,0,0,0,0,0,0
PARD3B,4.7733,1.9159,20.9102,69.6535,9.0133,14.8438,3.6254,2.8417,26.4397,3.5281,69.6535,15.75449,6.8933,1.9159
MUCL1,0,16.2855,4.305,0,0.9488,0,4.8338,0,0,21.6097,21.6097,4.79828,0.4744,0
EXOSC6,655.1313,311.34,183.2718,230.6615,642.315,197.1259,397.5831,518.8974,409.816,1112.6792,1112.6792,465.88212,403.69955,183.2718
ANAPC16,2954.6539,1716.6806,991.3899,1337.4169,1585.389,1096.6615,1855.5891,1062.2336,2101.4699,2026.0198,2954.6539,1672.75042,1651.0348,991.3899
ALKBH2,383.6516,266.7944,420.0492,530.2765,286.0531,250.5637,436.858,290.9918,846.0717,320.6174,846.0717,403.19274,352.1345,250.5637
TC2N,978.5203,5.7478,2182.0418,2670.2835,908.9184,2768.6694,286.4048,612.1057,1749.9192,1116.2073,2768.6694,1327.88182,1047.3638,5.7478
ZC3H18,864.5585,1260.6873,796.433,832.3416,889.4687,747.5348,648.9426,1577.7209,873.4907,1742.8886,1742.8886,1023.40667,869.0246,648.9426
ZNF440,987.4702,943.1206,924.3542,621.9811,293.6433,2497.9182,499.0937,618.9258,726.1137,1827.1224,2497.9182,993.97432,825.23395,293.6433
MISP,13619.3317,1417.3153,6705.4121,20.651,607.685,175.1571,746.8278,489.9119,55.3276,774.8622,13619.3317,2461.24817,677.2564,20.651
CCDC148,2.3866,9.1007,4.305,5.2503,8.0645,5.3438,7.2508,2.2734,6.8547,12.7894,12.7894,6.36192,6.09925,2.2734
DNAJC21,761.3365,1063.8247,1719.5572,1894.2947,1071.6319,1614.4139,1143.8066,1089.5141,1209.3734,1290.849,1894.2947,1285.8602,1176.59,761.3365
SSMEM1,0,0,0.615,0.35,0,0,0,0,1.9585,0,1.9585,0.29235,0,0
PTPDC1,100.2387,119.2672,158.0566,173.6087,178.8425,130.6256,195.7704,156.2944,464.1644,143.3297,464.1644,182.01982,157.1755,100.2387
TRIM69,3.58,16.2855,6.1501,15.0508,23.7192,5.3438,9.0634,87.559,9.3029,7.4972,87.559,18.35519,9.18315,3.58
LDLRAD3,119.9284,230.3916,75.6458,141.0571,212.0493,24.9376,70.6949,39.784,280.555,36.6042,280.555,123.16479,97.7871,24.9376
TMEM86A,76.969,180.0886,427.8352,541.3546,62.6186,178.5534,120.7674,159.5567,387.2051,253.4509,541.3546,238.83995,179.321,62.6186
A2ML1,0.5967,84.3013,773.0627,733.9867,48.8615,2787.6695,729.3051,1054.2768,249.7087,919.5149,2787.6695,738.12839,731.6459,0.5967
HNRNPA1L2,3384.2482,2435.6365,1977.2448,4446.6223,4311.6698,2214.6981,1782.4773,2158.5678,3793.1237,2550.3859,4446.6223,2905.46744,2493.0112,1782.4773
FAM81A,63.2458,15.3275,138.9914,21.3511,22.296,22.5626,23.565,32.3956,330.9864,56.0088,330.9864,72.67302,27.9803,15.3275
SIX5,468.3771,873.6678,205.4121,609.3805,492.4099,455.4084,659.8187,652.4581,758.9185,634.1786,873.6678,581.00297,621.77955,205.4121
CDC42EP5,118.1384,1086.337,356.7036,27.3014,287.0019,116.9693,922.0544,1724.9219,89.1117,494.3771,1724.9219,522.29167,321.85275,27.3014
PHF13,573.9857,932.1039,883.1488,1335.3168,437.3814,700.6283,1008.4592,961.6368,736.8854,1342.4476,1342.4476,891.19939,907.62635,437.3814
CCDC27,0,0,0,0,0,0,0,0,0,0,0,0,0,0
BTLA,4.1766,3.8319,0.615,22.0511,17.0778,18.4063,0,16.482,1.9585,2.2051,22.0511,8.68043,4.00425,0
ERICH1,229.7136,132.6787,281.0578,136.8568,575.4269,344.3766,287.0091,234.1574,242.8539,124.366,575.4269,258.84968,238.50565,124.366
C12orf50,0,0.479,0,0.35,0,0,0,0.5683,0.4896,0,0.5683,0.18869,0,0
UBL4B,0,1.437,1.845,1.4001,0,1.7813,1.8127,4.5467,8.8132,0,8.8132,2.1636,1.60915,0
FAM151B,19.6897,14.8485,8.6101,9.8005,6.167,11.8751,7.855,26.1438,25.9501,8.3793,26.1438,13.93191,10.8378,6.167
COL22A1,0,3.8319,30.7503,11.9006,10.9108,0.5938,11.4804,16.482,655.6077,15.8765,655.6077,75.7434,11.6905,0
RHOV,319.2124,2655.4904,568.8807,398.3199,2687.3814,1266.4748,1296.6767,2291.5601,366.2394,1581.0364,2687.3814,1343.12722,1281.57575,319.2124
AGO4,264.3198,314.2139,463.0996,240.462,169.3548,207.8135,189.1239,224.4956,263.4182,291.0695,463.0996,262.73708,251.9401,169.3548
PLBD2,322.1957,397.0782,777.3678,752.1876,393.2638,378.8143,317.2205,550.7246,650.2218,641.6759,777.3678,518.07502,473.9014,317.2205
ANO6,1894.9881,1054.724,2180.8118,3408.1204,1567.8368,2041.3222,3222.3565,1314.578,3845.5136,1825.7993,3845.5136,2235.60507,1968.15515,1054.724
PAOX,189.1408,177.2243,141.4514,489.6745,155.5977,152.5945,88.2175,214.2654,193.4018,129.2172,489.6745,193.07851,166.411,88.2175
RDM1,12.5298,50.7724,91.0209,51.4526,9.0133,57.0003,134.7432,126.7406,105.2693,59.9779,134.7432,69.85203,58.4891,9.0133
RAB12,626.4916,370.734,1333.3333,1603.4302,880.4554,887.6605,870.6949,613.8107,988.0629,624.4763,1603.4302,879.91498,875.57515,370.734
TUBB,12969.5704,29259.7294,14861.6236,29882.3941,23435.4839,10910.2082,18784.8943,21425.4049,102476.5715,26898.7872,102476.5715,29090.46675,22430.4444,10910.2082
FAM219A,388.4248,394.2043,596.556,378.7189,377.6091,231.5636,536.5559,468.3149,640.4293,377.5083,640.4293,438.98851,391.31455,231.5636
TYSND1,986.2768,777.3919,704.182,334.6167,1014.7059,532.0025,567.3716,472.8616,824.5282,376.1852,1014.7059,659.01224,635.7768,334.6167
JMJD1C,719.1826,503.7576,591.9188,1825.7718,937.481,1582.1019,414.0785,716.1125,829.9925,869.2393,1825.7718,898.96365,774.58755,414.0785
ZSCAN25,283.4129,187.283,302.583,227.8614,225.3321,415.627,215.71,310.8838,322.1732,440.5733,440.5733,293.14397,292.99795,187.283
NAPEPLD,225.4117,420.2036,262.1771,209.4995,263.0076,559.143,238.2477,321.8642,266.9288,416.8335,559.143,318.33167,264.9682,209.4995
ZDHHC20,41.7661,117.3512,108.2411,284.9142,62.1442,219.6885,53.7764,46.6041,133.6676,374.4212,374.4212,144.25746,112.79615,41.7661
CCDC110,2.3866,0.479,10.4551,13.3007,1.4231,4.75,12.6888,3.9784,3.917,5.7332,13.3007,5.91119,4.3642,0.479
NEGR1,10.1432,9.1007,36.9004,15.4008,4.7438,14.2501,174.6224,249.5027,2.4481,150.8269,249.5027,66.79391,14.82545,2.4481
FAM133B,68.6158,130.2838,92.2509,125.3063,103.4156,96.7817,74.9245,82.9781,136.6053,72.7674,136.6053,98.39294,94.5163,68.6158
CYP4X1,18.4964,13.8906,66.4207,6.3003,2.8463,27.3126,25.3776,53.4243,35.253,20.7277,66.4207,27.00495,23.05265,2.8463
BLOC1S2,649.1647,1953.299,332.7183,772.4886,1009.4877,413.252,699.0937,607.559,763.8148,768.688,1953.299,796.95658,731.45425,332.7183
PGM2L1,136.0382,94.36,170.3567,292.9646,392.7894,150.2195,442.9003,355.2145,778.0139,186.108,778.0139,299.89651,239.5363,94.36
TMEM80,306.0859,191.1148,207.8721,207.5604,138.9943,380.0018,245.9215,192.1,353.5091,287.9824,380.0018,251.11423,226.8968,138.9943
GPR137C,47.7327,6.2268,59.0406,88.9044,8.5389,27.9064,12.6888,13.0719,168.4309,21.6097,168.4309,45.41511,24.75805,6.2268
WDR62,150.358,149.4432,341.9434,141.7571,213.9469,65.9066,162.5378,342.1427,607.6244,294.5976,607.6244,247.02577,188.24235,65.9066
DUSP28,68.0191,80.9484,60.8856,29.4015,31.3093,106.2818,62.2356,68.2012,66.8191,68.7982,106.2818,64.28998,67.4191,29.4015
EPHA6,0,1.9159,3.075,0.7,0,0,4.8338,1.705,0,0.441,4.8338,1.26707,0.5705,0
FBXW12,0,0.479,0,0,0,0.5938,0,0,0,0,0.5938,0.10728,0,0
CRIPAK,381.8616,216.98,275.5228,240.812,91.556,298.0639,562.5378,239.8409,233.0614,150.8269,562.5378,269.10633,240.32645,91.556
DOK7,638.4248,159.9808,31.9803,2.1001,1.4231,55.8128,58.6103,339.8693,0.9792,141.5656,638.4248,143.07463,57.21155,0.9792
RNF212,163.4845,1.9159,2.46,2.4501,1.4231,0.5938,1.2085,8.5251,4.4066,3.9691,163.4845,19.04367,2.45505,0.5938
H2BFM,0,1.9159,0.615,0.7,0.9488,0,6.6465,0,0.4896,2.2051,6.6465,1.35209,0.6575,0
CLEC4D,0,2.8739,3.075,1.0501,13.2827,1.7813,0,22.1654,0,0.882,22.1654,4.51104,1.4157,0
B4GALNT4,44.7494,419.1115,3.075,937.3469,106.7362,2.375,2671.9033,2.2734,2045.6526,7.0562,2671.9033,624.02795,75.7428,2.2734
COL28A1,17.3031,84.7803,35.0554,65.8033,114.3264,30.8751,19.3353,89.2299,45.0455,43.6604,114.3264,54.54147,44.35295,17.3031
KRT27,4.7733,0,1.23,0,0.9488,0.5938,0,0,0,0,4.7733,0.75459,0,0
TUBB8,12.5298,16.2855,38.1304,10.5005,7.5901,8.9063,18.1269,13.6402,49.9417,18.0816,49.9417,19.3733,14.96285,7.5901
TUBB2B,1.1993,0.776,15.3998,88.9044,0.4744,7.7188,595.1662,6.445,1026.7433,6.8886,1026.7433,174.97158,7.3037,0.4744
TMEM255B,129.4749,10.5377,28.2903,17.5009,20.8729,4.75,25.3776,34.6689,25.4605,35.2811,129.4749,33.22148,25.41905,4.75
ZNF445,190.3341,467.9679,298.278,384.6692,378.0835,545.6589,845.3172,326.7974,406.3886,383.2415,845.3172,422.67363,383.95535,190.3341
BPIFB3,0,0,0,0,0,0,0,0,0,0,0,0,0,0
KRT77,0,194.9467,0,0,0,0,40.4834,15.3453,0,0,194.9467,25.07754,0,0
ATP9B,255.3699,289.3067,315.4982,203.3602,219.1651,396.0331,216.9184,201.1935,144.929,327.6736,396.0331,256.94477,237.2675,144.929
KRTAP10-5,0,0,0,0,0,0,0,0,0,0,0,0,0,0
HES5,21.4797,11.4956,3.075,0.35,0,4.1563,10.8761,3.9784,5.3859,2.6461,21.4797,6.34431,4.06735,0
OR5B2,0,0,0,0,0,0,0,0,0,0.441,0.441,0.0441,0,0
VSIG8,1.1933,0.958,5.5351,0,0,0.5938,7.2508,3.5351,14.1991,0.8997,14.1991,3.41649,1.07565,0
HEATR4,2.8401,0.958,24.5326,1.0501,0,1.1875,0.6042,7.2293,10.3115,6.849,24.5326,5.55623,2.0138,0
FAM74A4,0,0,0,0,0,0,0,0,0,0,0,0,0,0
SPINK6,50.1193,0,0,0,75.9013,0,0,0.5683,0,0.882,75.9013,12.74709,0,0
C10orf62,0,0.958,0,0,0,0,0,0,0,0.882,0.958,0.184,0,0
C18orf32,1368.5024,1010.9592,934.4711,977.4904,1257.8985,1747.5452,1232.1752,751.293,1115.4633,1022.161,1747.5452,1141.79593,1068.81215,751.293
TUBB8,1.1933,227.0387,89.7909,15.0508,90.6072,132.4069,11.4804,168.2296,204.6632,198.4564,227.0387,113.89174,111.50705,1.1933
