Gene,TCGA-18-3409-01A-01R-0980-07,TCGA-90-A4ED-01A-31R-A24Z-07,TCGA-21-1079-01A-01R-0692-07,TCGA-55-8506-01A-11R-2403-07,TCGA-05-4382-01A-01R-1206-07,TCGA-L9-A7SV-01A-11R-A39D-07,TCGA-MN-A4N4-01A-12R-A24X-07,TCGA-86-A4JF-01A-11R-A24X-07,TCGA-55-7994-01A-11R-2187-07,TCGA-49-AARE-01A-11R-A41B-07,MAX,AVG,MED,MIN
AKT1,3221.0256,3389.8891,6227.161,7784.3468,3627.3723,2287.8159,4708.5673,4413.8621,3964.9226,3731.452,7784.3468,4335.64147,3848.1873,2287.8159
AKT2,2090.7692,3170.9636,1417.6728,2911.5991,2103.0049,2260.6564,3292.1534,2227.5276,1549.8121,5561.2198,5561.2198,2658.53789,2244.092,1417.6728
ALDH9A1,1884.6154,1391.9055,1218.5063,2579.3919,1184.3162,5692.1916,1765.2323,2283.3376,1443.4307,1677.2872,5692.1916,2112.02147,1721.25975,1184.3162
ALK,166.6667,46.0896,35.9013,3.9414,9.3329,1.8861,10.0898,4.8723,4.7492,11.3792,166.6667,29.49085,9.71135,1.8861
BIRC3,228.7179,123.8658,103.0025,1198.1982,1236.2452,336.4768,820.636,3563.4241,2461.0192,399.1807,3563.4241,1047.07664,609.90835,103.0025
BIRC5,320.0462,515.8807,517.4784,260.7995,316.1399,726.2957,137.3652,370.8176,741.7505,587.4647,741.7505,449.40384,443.34915,137.3652
BCL2L1,1795.3846,1849.3447,2584.4642,4422.2973,6481.5529,1790.2678,6605.4473,3275.0724,3716.0662,16778.7893,16778.7893,4929.86867,3495.5693,1790.2678
BLVRB,773.3333,646.9826,472.2727,1509.5721,1809.1394,2288.5704,1628.7799,2066.2987,880.1793,10291.7615,10291.7615,2236.68899,1569.176,472.2727
BMPR1A,1530.2564,1433.3861,599.6367,280.4054,637.5063,495.662,575.5983,197.9926,171.9199,313.6095,1530.2564,623.59732,535.63015,171.9199
BPHL,592.3077,326.0838,494.4973,189.7523,682.4954,1401.358,512.1768,599.2931,257.4049,546.6545,1401.358,560.20238,529.41565,189.7523
BRAF,162.5641,150.3673,145.7421,173.4234,143.3432,463.2214,125.4016,228.5552,432.491,219.8452,463.2214,224.49545,167.99375,125.4016
BTC,53.3333,9.794,0,32.0946,11.4866,8.676,17.7772,27.4621,133.9266,12.2895,133.9266,30.68399,15.03335,0
BTK,278.9744,130.2031,61.9724,184.6847,444.8664,66.39,113.8705,197.5497,376.1342,139.736,444.8664,199.43814,162.21035,61.9724
BYSL,565.641,619.9049,840.2607,315.3153,463.7714,1197.6613,678.4181,589.5485,650.6361,445.1525,1197.6613,636.63098,604.7267,315.3153
CA3,15.3846,460.4868,2.137,1.6892,7.4184,3.0177,28.828,57.1388,64.5855,5.0068,460.4868,64.56928,11.4015,1.6892
CACNA1S,0,0,0,0,0.7179,0,0,0.4429,0,1.3655,1.3655,0.25263,0,0
CAPN3,76.3641,223.8514,82.6071,128.7725,98.756,98.1592,192.9023,228.5995,224.1861,172.7947,228.5995,152.69929,150.7836,76.3641
CAV3,0.5128,0.5761,0,0,0.2393,0,0,0,0,0,0.5761,0.13282,0,0
CD4,3470.7692,1117.6725,626.9901,1511.2613,5477.672,725.3866,1615.8073,1406.7663,3281.359,1636.3223,5477.672,2087.00066,1563.5343,626.9901
CD48,432.3077,173.9882,50.8601,168.9189,571.6976,79.2154,214.7683,311.3844,552.8032,355.4848,571.6976,291.14286,263.07635,50.8601
CD74,57443.5897,28104.2777,15549.0971,44481.4189,98069.2343,17908.3365,34082.3399,178594.2082,118720.6689,44585.3437,178594.2082,63753.85149,44533.3813,15549.0971
CDH9,0.5128,0,4.274,0,0,0,0,0,0,0,4.274,0.47868,0,0
CHEK1,209.7436,366.4122,514.1575,236.4865,167.5129,254.6209,131.6477,276.3924,524.9414,262.6309,524.9414,294.4546,258.6259,131.6477
CHN2,128.7179,65.6777,68.8108,38.8514,117.0197,52.433,112.9095,34.549,42.4259,80.5644,128.7179,74.19593,67.24425,34.549
CLTC,10854.8718,5987.0373,9922.0002,17458.8964,11969.515,22334.5907,10089.7871,12181.6394,15696.3192,9036.8685,22334.5907,12553.15256,11412.1934,5987.0373
CNTF,8.7179,7.4896,10.6849,6.1937,5.0732,9.4304,8.6484,3.9864,11.0814,7.7378,11.0814,7.90437,8.1931,3.9864
COL6A1,29474.359,8612.9915,32076.5039,4063.0631,7482.3229,3073.9344,13591.4237,3210.4037,4183.701,13419.208,32076.5039,11918.79112,8047.6572,3073.9344
COX5B,1340,1425.8966,1193.7173,1544.482,1859.3933,1148.2459,878.2919,1818.2543,953.3165,3908.9668,3908.9668,1607.05646,1382.9483,878.2919
COX6A2,0,0,0,0,0.7179,0,7.6875,0,0,0,7.6875,0.84054,0,0
CRYAB,300,108.8866,245.7528,64.7523,191.4433,41.1166,245.9986,58.9106,23.1126,91.4884,300,137.14618,100.1875,23.1126
CRYBB3,0,10.3702,0.4274,2.2523,0.7179,3.0177,7.207,0,0.9498,3.1862,10.3702,2.81285,1.60105,0
MAPK14,1861.5385,1070.4306,1865.5839,1297.2973,1597.1159,1742.3614,1903.6065,1486.0519,2254.2721,1239.8726,2254.2721,1631.81307,1669.73865,1070.4306
CTSE,2445.641,25.3493,3.4192,18628.3784,150.5223,32.0634,52.3708,107689.3775,5405.8204,244.8794,107689.3775,13467.78217,197.70085,3.4192
CD55,1961.5385,826.732,632.9736,7599.0991,4254.5885,5262.1652,3054.8032,6368.9838,1951.9083,4231.2244,7599.0991,3614.40166,3643.0138,632.9736
DHX9,4102.5641,4119.2568,3954.2686,3086.1486,4195.959,4694.8321,3131.6777,4960.8887,3397.2387,3044.6063,4960.8887,3868.74406,4028.41635,3044.6063
DDX11,289.7436,770.8483,332.5142,362.6126,522.8796,324.0287,1617.2487,690.9809,218.7784,854.3468,1617.2487,598.39818,442.7461,218.7784
DHFR,177.4359,208.1982,134.6511,161.661,112.7553,332.9046,158.4625,455.1615,231.7088,164.7656,455.1615,213.77045,171.10075,112.7553
DIO2,9718.9744,410.7734,1487.7658,439.7523,188.3324,16.9747,404.0719,111.62,46.8585,182.9768,9718.9744,1300.81002,296.20215,16.9747
DLST,2060,1549.7624,4302.169,1778.7162,2774.0137,2739.7209,1394.3125,1771.303,2585.4474,1278.1065,4302.169,2223.35516,1919.3581,1278.1065
DNMT3B,97.4359,137.1165,129.0736,36.5991,100.5077,170.5017,364.1933,61.5682,88.3345,489.7588,489.7588,167.50893,114.79065,36.5991
DRD2,1346.1538,1418.407,1.7096,3.3784,3.111,0.7544,1.4414,0.4429,0.6332,29.1306,1418.407,280.51623,2.4103,0.4429
EGFR,1451.2769,2171.3323,3922.184,1994.8986,626.4959,2421.6635,733.1624,1877.1294,2876.3847,50.9786,3922.184,1812.55063,1936.014,50.9786
EPHA3,131.7949,82.9613,60.2628,11.2613,177.5637,31.6862,48.5271,27.4621,18.9967,16.8411,177.5637,60.73572,40.10665,11.2613
EPHA5,1.5385,0.5761,0,0,2.6323,7.5443,0.9609,1.3288,3.4827,0.9103,7.5443,1.89739,1.14485,0
EPS15,1366.6667,1572.8071,1183.4598,1252.2523,1828.523,1313.8438,1105.5524,1364.2444,1561.5267,928.9941,1828.523,1347.78703,1339.0441,928.9941
ERBB2,8649.2308,23073.5993,1624.9599,20253.3784,9857.6559,17247.4538,8735.3533,8723.6342,8845.485,6527.5376,23073.5993,11353.82882,8790.41915,1624.9599
ERBB4,13.8462,2.3045,0,186.9369,33.5026,5.281,0,28.7909,40.5262,27.7651,186.9369,33.89534,20.80565,0
ETV4,886.1538,4037.4478,316.2731,572.6351,1553.3232,217.6537,239.2721,294.5528,421.7262,442.8766,4037.4478,898.19144,432.3014,217.6537
FABP2,0,0,0,0,0,0,0,0.8859,0.3166,0,0.8859,0.12025,0,0
FANCA,144.241,628.4488,239.5427,325.7151,329.0982,470.4187,417.9911,681.3072,729.8206,1502.8038,1502.8038,546.93872,444.2049,144.241
ACSL3,1440,1095.2038,1710.0118,2283.7838,2512.9329,786.1184,1969.4303,2162.416,2520.2255,3171.5976,3171.5976,1965.17201,2065.92315,786.1184
BPTF,1476.4103,2723.3185,1047.1204,1985.9234,1522.453,3491.5126,1142.5483,1309.7632,2610.4597,1083.2954,3491.5126,1839.28048,1499.43165,1047.1204
FARSA,1132.3077,1322.195,1328.347,1581.0811,854.0765,1016.9747,1281.8834,1786.8058,803.876,1203.9144,1786.8058,1231.14616,1242.8989,803.876
FDFT1,2093.3333,1442.6041,2597.7134,1543.9189,3711.3681,1134.6662,1415.9335,2694.3827,2968.547,9025.9445,9025.9445,2862.84117,2345.52335,1134.6662
GPC5,12.8205,0,0,0.5631,22.4946,29.0456,0.4805,19.9321,0.3166,0.9103,29.0456,8.65633,0.7367,0
FGFR2,3121.5385,7797.7819,441.0728,1972.4099,743.7573,2620.5206,344.9746,360.9932,7.5987,88.3022,7797.7819,1749.89497,592.41505,7.5987
FKBP1A,5657.0051,3563.3645,6643.4833,4003.4403,4271.5073,3754.2135,4236.3989,4300.0452,2810.0293,6163.0178,6643.4833,4540.25052,4253.9531,2810.0293
FOXL1,73.3333,57.0359,832.1402,15.7658,68.441,13.2026,61.9801,12.4022,9.8149,27.31,832.1402,117.1426,42.17295,9.8149
MTOR,788.7179,812.9051,1195.8543,1369.9324,1241.9885,1806.8653,986.8773,1199.0291,2321.7103,1071.9162,2321.7103,1279.57964,1197.4417,788.7179
GAMT,304.1026,289.2122,146.5969,501.6892,142.8646,213.8816,115.3119,535.9532,137.4093,74.6472,535.9532,246.16687,180.23925,74.6472
GATA6,94.8718,107.7344,70.093,93.4685,290.5152,260.2791,281.5531,108.5194,100.6824,100.5917,290.5152,150.83086,104.2084,70.093
GPR3,14.359,24.197,16.2411,27.027,16.7513,71.2939,27.3866,85.0438,17.7302,25.0341,85.0438,32.5064,24.61555,14.359
GPR26,30.2564,0,0,0,0.7179,0.7544,1.4414,0,0,0.9103,30.2564,3.40804,0.35895,0
GRID1,43.5487,33.9911,46.9879,16.3288,20.573,11.2561,61.9801,16.8316,4.2869,15.4756,61.9801,27.12598,18.7023,4.2869
GRIK3,270.7692,260.4062,6.4109,1.1261,3.111,3.3949,7.6875,1.3288,4.4326,6.8275,270.7692,56.54947,5.42175,1.1261
GRIN2A,53.8462,1.1522,7.2657,0,1.1965,2.6405,1.4414,90.359,13.9309,2.2758,90.359,17.41082,2.45815,0
GRM7,18.9744,4.0328,0,0,0.2393,0.3772,0,0,0.3166,4.0965,18.9744,2.80368,0.27795,0
GYS1,1598.9744,1451.2459,2248.1034,1530.4054,1695.7092,1286.3071,1880.5441,2572.5751,1105.6065,864.3605,2572.5751,1623.38316,1564.6899,864.3605
HCFC1,1607.6923,3247.0114,1801.4745,2994.3694,2703.1797,2859.6756,2147.2028,2636.358,3102.7902,2557.1234,3247.0114,2565.68773,2669.76885,1607.6923
HDC,22.0513,39.7523,7.6931,137.9505,12.6831,9.0532,91.2885,95.2313,22.1628,38.234,137.9505,47.61001,30.1984,7.6931
NRG1,52.8205,1.7284,348.3278,10.1351,5.0254,218.4081,1.4414,4.8723,37.9933,3.6413,348.3278,68.43936,7.58025,1.4414
HIF1A,4326.1538,1736.4252,16255.1555,4550.6757,3128.6625,2265.9374,3384.8833,6847.7982,6291.3821,1386.436,16255.1555,5017.35097,3855.51855,1386.436
HIP1,910.7692,1058.9083,390.64,1876.6892,1090.9876,1978.8759,533.3173,855.3104,4032.3608,304.051,4032.3608,1303.19097,984.83875,304.051
HNMT,954.359,160.1613,185.0625,510.6982,1295.3534,572.9913,393.9822,842.4652,990.0434,290.8512,1295.3534,619.59677,541.84475,160.1613
HOXB3,111.2821,134.812,175.2324,324.8874,227.8176,36.2127,1164.1692,167.8729,257.4049,5528.4479,5528.4479,812.81391,201.525,36.2127
HPCAL1,698.9744,779.4901,664.1735,1758.4459,2068.5451,865.3338,1302.063,1672.9711,1733.13,743.2863,2068.5451,1228.64132,1083.6984,664.1735
HSD3B2,0.5128,0.5761,0,0.5631,0.2393,0.7544,0.9609,0.4429,0,0.9103,0.9609,0.49598,0.53795,0
HSD17B2,193.8462,165.3464,660.7544,1.6892,18.905,1.5089,231.5846,0.8859,1.5831,2.2758,660.7544,127.83795,10.5904,0.8859
ICAM2,189.7846,331.4821,237.2647,848.0405,476.567,141.0072,408.0742,341.6856,282.908,250.965,848.0405,350.77789,307.19505,141.0072
IGLL1,0,0,0,0,0.2393,2.6405,1.9219,0,0,1.8207,2.6405,0.66224,0,0
IL7R,251.7949,43.7851,934.2879,98.536,278.0714,26.4051,36.9959,67.7693,219.7282,81.4747,934.2879,203.88485,90.00535,26.4051
INSRR,4.6154,6.9134,8.1205,0.5631,5.7433,0.7544,3.3633,0,0.6332,3.6413,8.1205,3.43479,3.5023,0
KCNJ2,192.8205,25.3493,136.7667,25.9009,167.7522,25.2735,155.1905,467.298,108.9143,33.6823,467.298,133.89482,122.8405,25.2735
KDR,691.7949,116.9523,630.4092,337.8378,1719.8789,977.7442,1097.8649,1082.9797,310.279,815.2025,1719.8789,778.09434,753.4987,116.9523
KIF5A,35.3846,149.215,1.7096,2.8153,6.9398,46.3976,7.6875,0.4429,2.2163,2.2758,149.215,25.50844,4.87755,0.4429
KIF5B,3643.0769,2712.3722,2375.8949,3125.5631,4087.7935,3784.6096,3153.2987,4996.7666,5401.3879,5445.6076,5445.6076,3872.6371,3713.84325,2375.8949
KRAS,1398.4615,1182.774,1083.0217,972.4099,1599.7483,1391.5504,1152.1576,2831.693,1249.0314,702.7765,2831.693,1356.36243,1215.9027,702.7765
KRT31,46.1538,4.0328,51.7149,0,0.7179,0.3772,0.4805,0,0,0.4552,51.7149,10.39323,0.46785,0
KRT82,5.1282,1.1522,1.2822,0,0,0,0,0,0,0,5.1282,0.75626,0,0
MAGEA12,1.0256,47.8179,1.2822,1.6892,250.0728,710.6752,36.9959,0,0.6332,0.9103,710.6752,105.11023,1.4857,0
MAN2C1,834.359,2043.497,982.5836,713.4009,867.4775,1026.7823,920.0925,860.6256,910.8906,1720.9832,2043.497,1088.06922,915.49155,713.4009
MAP1A,1166.6667,453.9824,264.9856,211.7117,409.4494,99.2078,351.7012,95.6743,120.3123,438.325,1166.6667,361.20164,308.3434,95.6743
MARK1,356.9231,675.2124,607.7572,9.5721,249.1156,234.6284,96.5737,12.4022,12.6644,847.5193,847.5193,310.23684,241.872,9.5721
MARK3,1033.3333,998.9918,3396.9441,1477.4775,930.4145,1059.9774,1257.8601,1119.7435,1448.4965,1148.8393,3396.9441,1387.2078,1134.2914,930.4145
MAS1,0.5128,0,0,0,1.4358,0,0,0,0,0,1.4358,0.19486,0,0
MC4R,8.7179,3.4567,0.4274,1.1261,1.4358,0.7544,0.4805,0,0,0.9103,8.7179,1.73091,0.83235,0
MCM6,1381.5385,1739.3058,956.5124,1035.473,1104.8673,1592.6066,883.0966,2292.6393,1215.154,1568.9577,2292.6393,1377.01512,1298.34625,883.0966
MEA1,1612.3077,970.7619,1609.5609,993.2432,1320.655,1990.1735,1187.2316,1490.9242,1569.7206,1781.8798,1990.1735,1452.64584,1530.3224,970.7619
MGAT1,5642.0513,3078.2083,3340.9552,2853.0405,5303.2193,1431.9125,3323.8641,3501.413,3875.9549,4582.1575,5642.0513,3693.27766,3421.1841,1431.9125
MGAT2,1199.4872,620.4811,2452.8262,2331.6441,1162.3003,599.7737,974.3852,1254.8391,650.0029,726.4452,2452.8262,1197.2185,1068.34275,599.7737
CIITA,211.7949,153.2479,42.3122,685.2477,456.8316,242.55,189.7841,1329.2524,2036.1269,295.4028,2036.1269,564.25505,268.9764,42.3122
MIPEP,557.9487,430.9376,258.5746,118.8063,523.1189,151.2637,345.9356,185.5904,197.882,375.9672,557.9487,314.6025,302.2551,118.8063
MAP3K11,972.8205,2485.9571,2339.9936,4229.1667,1758.4069,1783.1007,2421.5489,1720.8083,2002.2495,2319.5266,4229.1667,2203.35788,2160.88805,972.8205
ABCC1,2617.4359,4026.5015,1616.412,1920.6081,2022.5987,1753.3006,2304.3152,1137.4609,1330.4005,3203.9144,4026.5015,2193.29478,1971.6034,1137.4609
NUDT1,271.2821,620.4811,396.6236,175.6757,396.0484,306.6767,329.1192,274.1777,219.4116,605.371,620.4811,359.48671,317.89795,175.6757
MYL6,17046.1538,9243.2666,16172.2406,10282.6577,21608.447,8652.9611,10844.5993,13500.2613,9332.1165,15158.853,21608.447,13184.15569,12172.4303,8652.9611
NDUFA5,1209.2308,789.8603,679.1324,1153.7162,887.1005,1137.6839,1058.9472,1292.9316,1452.6124,1132.9085,1452.6124,1079.41238,1135.2962,679.1324
NDUFA6,1057.9487,729.3677,1332.621,567.5676,984.258,961.1467,846.1007,863.7262,402.4129,1584.4333,1584.4333,932.95828,912.43645,402.4129
NEDD9,1497.4359,720.7259,484.2398,932.9955,4479.2951,2840.0604,1175.7004,4110.0077,818.1235,1049.1579,4479.2951,1810.77421,1112.42915,484.2398
NFE2L2,3139.4872,1454.1265,3106.2122,2012.0158,3188.2229,2504.1531,2194.0338,3658.713,2606.3374,2096.4452,3658.713,2595.97471,2555.24525,1454.1265
NME3,158.4615,1136.6844,555.1875,1750.5631,387.4334,981.8936,1290.0513,1455.0464,387.8488,513.8826,1750.5631,861.70526,768.54055,158.4615
CNOT4,410.2564,289.2122,545.7848,367.1171,378.8185,495.662,373.8026,486.7872,772.8481,556.213,772.8481,467.65019,448.5218,289.2122
NOTCH1,1047.1795,11343.7995,1614.7024,1066.4414,1478.1817,1649.189,1378.4571,1254.3961,911.8404,507.5102,11343.7995,2225.16973,1316.4266,507.5102
NPR3,126.1538,95.0598,77.3587,15.7658,96.4396,10.1848,54.2927,32.7773,12.6644,7.2827,126.1538,52.79796,43.535,7.2827
ROR1,92.3077,256.3733,18.378,68.6937,34.9384,101.8484,14.8944,52.7094,260.5711,3.6413,260.5711,90.43557,60.70155,3.6413
DDR2,339.4872,132.5076,222.246,110.9234,195.5115,62.2407,60.0583,36.7637,68.7046,34.5926,339.4872,126.30356,89.814,34.5926
GPR143,95.3846,69.7105,114.5422,81.0811,10.7687,18.8608,33.1522,122.2505,4.4326,5.462,122.2505,55.56452,51.43135,4.4326
OAZ2,2509.2308,1439.7235,1635.6448,2587.2748,1850.539,910.5998,1303.5044,1575.968,1206.9221,1257.624,2587.2748,1627.70312,1507.84575,910.5998
OGDH,2320.5128,2214.0285,3172.9886,3258.4459,4578.1277,4872.5009,3704.3933,2369.7102,2914.0899,3572.599,4872.5009,3297.73968,3215.71725,2214.0285
OMG,0.5128,5.1851,2.9918,1.6892,4.5468,3.3949,3.8437,0.8859,2.8495,1.3655,5.1851,2.72652,2.92065,0.5128
PCSK5,302.5641,247.7315,209.8515,185.8108,50.0146,18.4836,47.5661,194.8921,104.4817,91.9436,302.5641,145.33396,145.14625,18.4836
PDCD1,45.641,260.9823,15.3863,64.7523,83.7565,31.6862,30.7498,61.5682,150.0737,71.4611,260.9823,81.60574,63.16025,15.3863
PDGFRB,8019.4872,3599.5967,7779.0362,1425.6757,4792.0656,1359.1098,4375.6043,1806.295,969.7802,2372.7811,8019.4872,3649.94318,2986.1889,969.7802
PEX6,1254.359,440.7317,638.5298,1480.8559,224.7066,3138.8155,835.05,799.0574,1171.4616,661.8116,3138.8155,1064.53791,817.0537,224.7066
PFKL,4253.8462,3479.1877,3962.8165,4099.6622,4422.8193,4170.8789,4164.1993,3741.0416,3540.347,3446.0628,4422.8193,3928.08615,4031.23935,3446.0628
PGM1,2175.8974,3214.1725,1839.9402,3458.3333,2249.459,1353.0743,1762.8299,2077.3721,2484.1318,1061.4474,3458.3333,2167.66579,2126.63475,1061.4474
PIK3CB,1518.4615,686.7348,653.916,1095.7207,894.9975,757.0728,366.5956,1223.3906,1869.906,548.9304,1869.906,961.57259,826.03515,366.5956
FXYD3,522.5641,815.7857,1651.8859,1599.0991,993.8301,81.4787,1900.7237,897.3893,370.4352,5482.9313,5482.9313,1431.61231,945.6097,81.4787
PRKCB,245.641,122.7135,49.5779,116.5541,277.1142,106.7522,86.9644,175.4029,571.4833,93.7642,571.4833,184.59677,119.6338,49.5779
MAPK1,4553.8462,2092.4672,3674.7516,3480.2928,3050.8886,2226.7069,2878.4721,2238.1581,5847.4931,3807.4647,5847.4931,3385.05413,3265.5907,2092.4672
MAP2K1,1610.4872,773.8269,2703.6136,1865.8559,1540.5085,641.9351,1459.8865,1498.0201,949.1784,982.9722,2703.6136,1402.62844,1478.9533,641.9351
MAP2K2,1180.5128,2297.5659,2011.7534,3679.6171,1892.1779,1741.9842,2056.8752,2848.9675,1794.5525,2637.2326,3679.6171,2214.12391,2034.3143,1180.5128
MAP2K6,122.5641,80.0807,33.7643,7.8829,91.6535,8.2988,21.621,36.3208,11.398,40.0546,122.5641,45.36387,35.04255,7.8829
LGMN,3645.1282,1876.9984,3792.7129,5927.9279,8433.5569,2680.4979,4244.9176,3231.2217,5044.567,2691.3974,8433.5569,4156.89259,3718.92055,1876.9984
PSG1,0,0,2.6199,1.1261,0,0,2.4023,0,0,0,2.6199,0.61483,0,0
PTPN13,845.641,307.648,1336.4676,4190.8784,268.26,3713.3157,772.1089,392.8847,1160.6968,582.6127,4190.8784,1357.05138,808.87495,268.26
PTPRD,287.6923,32.2627,199.1666,35.473,133.771,16.2203,191.706,51.3806,17.4136,95.5849,287.6923,106.0671,73.48275,16.2203
PTPRF,12577.4359,44339.9107,10856.7155,14817.0045,12248.0651,9076.9521,9108.1949,5192.1016,15877.4208,9477.0141,44339.9107,14357.08152,11552.3903,5192.1016
RAB3A,39.4872,82.9613,11.1123,145.2703,50.9718,101.4711,78.316,178.5034,31.9777,30.041,178.5034,75.01121,64.6439,11.1123
MAP4K2,274.359,1246.7233,423.5495,1297.2973,493.9238,606.1863,504.4894,211.7236,546.1544,413.2909,1297.2973,601.76975,499.2066,211.7236
RAC2,796.4103,591.6751,3094.7751,1919.482,1635.4046,267.8235,651.9924,1419.6115,2115.5963,885.2981,3094.7751,1337.80689,1152.4548,267.8235
RAD21,5884.6154,3510.2981,4960.359,2639.6396,3023.3663,5782.335,3007.237,3467.3069,8863.2121,3721.4338,8863.2121,4485.98032,3615.86595,2639.6396
RB1,1420.5128,770.2722,1865.1565,798.9865,1121.1399,720.8601,807.6634,948.77,1211.038,508.4206,1865.1565,1017.282,878.2167,508.4206
RET,26.6667,23.6209,153.8626,15.7658,27.9986,19.238,16.8163,8.8587,18.0468,12.2895,153.8626,32.31639,18.6424,8.8587
RNF4,1834.359,1163.1859,1159.0982,1463.4009,1898.1605,953.2252,1710.4591,1519.2722,1396.5722,759.6723,1898.1605,1385.74055,1429.98655,759.6723
ROS1,259.4872,4.0328,16.6684,836.7117,757.8762,428.5175,316.1467,1085.1944,5983.9526,121.0742,5983.9526,980.96617,372.3321,4.0328
RPL19,18415.3846,34385.1361,11914.5208,14142.455,17296.1861,42666.9181,14272.2441,10955.1483,21911.3979,22142.0118,42666.9181,20810.14028,17855.78535,10955.1483
SALL2,853.8462,570.9348,125.6545,596.2838,411.3638,1135.7978,94.1713,553.2277,12.9811,327.7196,1135.7978,468.19806,482.29575,12.9811
CXCL5,87.1795,2.8806,420.1304,177.9279,1178.3336,10.5621,417.525,54.4812,11.7146,3.6413,1178.3336,236.43762,70.83035,2.8806
SDC4,3275.3846,2326.948,7355.0593,19628.3784,7328.4503,13280.6488,10612.0537,10471.9045,18391.6307,4746.9276,19628.3784,9741.73859,8913.4819,2326.948
SEMA3F,1002.0513,3338.0383,1940.8056,486.4865,1013.4531,298.7552,867.7217,566.0728,447.6883,619.4811,3338.0383,1058.05539,743.6014,298.7552
SGCA,162.0513,142.8777,6.8383,3.9414,262.756,19.6152,62.4606,13.731,9.1817,38.6891,262.756,72.21423,29.15215,3.9414
SIX1,61.5385,8.0657,61.545,972.4099,511.6323,256.8842,533.7978,2664.263,16.1472,331.8161,2664.263,541.80997,294.35015,8.0657
SLC6A1,246.1538,4474.1466,33.7643,64.1892,33.024,22.633,68.2262,36.7637,4.1159,27.7651,4474.1466,501.07818,35.264,4.1159
SLC19A1,248.7179,362.9555,140.1859,478.6036,364.4602,670.6903,797.5736,661.7471,454.9704,461.0833,797.5736,464.09878,458.02685,140.1859
SMARCA4,1469.2308,5281.2905,2150.2297,4978.0405,2384.6659,4679.7435,4378.9676,6002.2324,2933.0866,1844.3332,6002.2324,3610.18207,3656.0271,1469.2308
SMPD2,283.0769,379.663,153.4352,199.8874,231.1678,189.7397,294.0452,207.7372,115.5631,359.1261,379.663,241.34416,219.4525,115.5631
SOX2,36.9231,6.9134,187.1995,339.527,425.9614,96.5673,532.8369,89.9161,14.8807,861.1743,861.1743,259.18997,141.8834,6.9134
SPAG4,96.4103,405.5884,174.805,475.7883,591.0813,61.4862,319.0295,287.4658,326.1096,335.0023,591.0813,307.27667,322.56955,61.4862
SPINK1,47.6923,1.7284,1.7096,30.4054,1082.3727,2990.5696,55.7341,12731.3236,0.3166,12.2895,12731.3236,1695.41418,39.04885,0.3166
STK11,467.6923,1618.3206,1301.8485,2283.2207,651.3859,661.6371,1277.0788,1757.1291,732.6384,1110.1502,2283.2207,1186.11016,1193.6145,467.6923
STRN,428.7179,130.2031,436.7988,172.8604,329.5218,620.8978,222.9362,244.058,618.6584,277.1962,620.8978,348.18486,303.359,130.2031
TCF3,1573.8462,4879.1589,1865.5839,2291.1036,2253.5272,1895.1339,3932.6146,1825.7842,1640.6795,1924.8976,4879.1589,2408.23296,1910.01575,1573.8462
GCFC2,617.9487,897.0186,484.2398,235.3604,270.653,455.6771,292.6038,362.3221,346.3727,506.1447,897.0186,446.83409,408.9996,235.3604
TCF19,666.6667,734.5528,1227.0542,377.2523,457.3102,998.4911,351.7012,808.802,1091.359,315.8853,1227.0542,702.90748,700.60975,315.8853
THBS2,14696.9231,3386.4324,12728.2829,2377.8153,17363.1913,705.3942,11462.9591,1280.5294,1156.5809,3985.8898,17363.1913,6914.39984,3686.1611,705.3942
NKX2-1,105.4256,8.6418,0,5565,1298.2394,4767.9894,1678.9598,4203.3876,2133.3962,1769.8134,5565,2153.08532,1724.3866,0
TOP2A,1423.0769,2787.8439,1608.2915,2109.2342,2231.2719,3864.9566,768.2652,1566.6664,8361.3864,2237.5967,8361.3864,2695.85897,2170.25305,768.2652
TOP2B,4408.2051,4580.1527,1362.1113,1551.8018,2103.7228,1820.4451,2331.7018,616.1247,2557.5856,1705.0523,4580.1527,2303.69032,1962.08395,616.1247
TP53,661.5385,2812.0409,1751.8966,727.4775,1274.0553,1687.2878,2093.3906,1215.8607,1774.9226,2207.5558,2812.0409,1620.60263,1719.5922,661.5385
TPM3,7286.1538,4197.033,9863.4469,9708.8964,10270.9342,11346.6616,9223.0263,15350.4071,7700.6187,11036.4133,15350.4071,9598.35913,9786.17165,4197.033
TPR,1855.0974,4467.8554,2093.3647,2852.4662,1854.7675,3623.8778,2595.3191,5116.9707,3949.3644,2939.3491,5116.9707,3134.84323,2895.90765,1854.7675
TSPYL1,3528.2923,1294.8524,2550.3366,712.4944,1195.8507,1026.6088,873.3239,1614.4548,1426.0709,573.35,3528.2923,1479.56348,1245.35155,573.35
VEGFC,193.3333,70.8627,1096.271,62.5,282.3789,59.9774,203.7176,120.9217,178.8854,112.426,1096.271,238.1274,149.90355,59.9774
EZR,9693.8462,8472.9944,7523.026,6864.8649,9302.7096,11554.8849,13261.824,15068.2565,12519.1253,20328.6299,20328.6299,11459.01617,10624.36555,6864.8649
WFS1,1013.8462,921.7917,484.6672,2211.1486,882.3144,639.0041,2604.6065,1713.2784,795.6441,519.3446,2604.6065,1178.56458,902.05305,484.6672
XPNPEP1,1366.1538,1337.7503,721.872,997.7477,1135.0196,1527.3482,1096.904,753.435,933.37,1065.0888,1527.3482,1093.46894,1080.9964,721.872
ZNF175,269.2308,151.5195,212.4159,96.2838,74.6629,136.9295,42.281,110.2912,164.6378,24.579,269.2308,128.28314,123.61035,24.579
CCDC6,1943.0769,1220.7979,1114.2216,2069.8198,1847.6674,4468.5025,2745.8635,1608.7453,340.3571,1952.6627,4468.5025,1931.17147,1895.37215,340.3571
EPX,1.0256,7.4896,0.4274,1.6892,0.7179,13.2026,0,0,2.5329,0,13.2026,2.70852,0.87175,0
BAP1,3554.8718,6870.8051,1577.519,1135.6982,1438.6966,1744.6247,1581.2138,1025.8409,2104.515,1791.0787,6870.8051,2282.48638,1662.91925,1025.8409
FZD7,7913.8462,5953.0462,685.1159,158.7838,465.6859,66.0128,303.6545,139.9679,69.9711,264.9067,7913.8462,1602.0991,284.2806,66.0128
HIST1H2BL,1.5385,4.609,3.8466,1.6892,1.6751,4.9038,28.3475,1.7717,2.2163,5.9172,28.3475,5.65149,3.03145,1.5385
CUL3,2175.8974,1526.1414,1345.8703,1271.3964,1745.2452,1660.8827,1547.1007,1942.7195,1608.3851,1722.3487,2175.8974,1654.59874,1634.6339,1271.3964
BARX2,1446.1538,1340.6309,487.6589,5.0676,235.4753,286.3071,129.7258,215.7101,305.8465,17.7515,1446.1538,447.03275,260.8912,5.0676
DEGS1,2502.5641,871.6693,2116.038,2237.6126,2106.5944,580.5356,1223.747,2774.9971,1252.8307,2353.6641,2774.9971,1802.02529,2111.3162,580.5356
MADD,825.641,1664.9863,912.0633,1072.6351,1108.4568,921.1618,1021.9513,904.4763,985.2942,1015.4756,1664.9863,1043.21417,1000.3849,825.641
RDH16,215.3846,49.0278,126.9708,6.1937,7.897,27.914,94.1713,6.2011,5.3824,43.6959,215.3846,58.28386,35.80495,5.3824
RNASET2,1242.0513,1167.2188,666.3105,856.4189,2031.6922,1005.281,2282.2137,2635.0292,762.3999,988.6208,2635.0292,1363.72363,1086.2499,666.3105
EED,358.4615,273.6569,783.8444,385.1351,514.7432,411.5428,329.5997,425.662,618.0252,597.6331,783.8444,469.83039,418.6024,273.6569
DYRK4,446.1538,320.8987,246.6075,247.1847,214.8951,148.2459,129.2454,505.3905,128.5442,233.0451,505.3905,262.02109,239.8263,128.5442
SUCLA2,1056.4513,589.434,764.2483,286.92,892.9634,375.7525,604.5272,402.7489,535.8234,412.6081,1056.4513,592.14771,562.6287,286.92
PROM1,80,5.7612,4.274,19.7072,939.7474,983.0253,227.7409,48.2801,6.9654,242.1484,983.0253,255.76499,64.14005,4.274
MCM3AP,1770.4513,2743.0966,1005.1929,2184.4989,1781.9305,2631.2071,1766.5488,1632.469,2740.0329,2088.5981,2743.0966,2034.40261,1935.2643,1005.1929
EIF2B2,722.0513,398.6749,1290.7362,778.1532,654.2575,594.1154,411.2789,698.9538,546.7876,460.6281,1290.7362,655.56369,624.18645,398.6749
TIMELESS,577.4359,763.3588,825.7292,617.6802,1158.7107,2035.0811,907.6004,1586.5985,1110.3556,1157.4875,2035.0811,1074.00379,1008.978,577.4359
RNF8,525.641,508.7138,610.749,288.2883,429.551,344.7756,482.8684,361.4362,349.2222,225.3072,610.749,412.65527,395.4936,225.3072
MAP7,553.8462,566.9019,859.4935,846.2838,590.8419,872.1237,470.3763,1219.4042,865.6151,1013.1998,1219.4042,785.80864,852.88865,470.3763
SLC16A6,61.5385,20.7403,8.1205,23.0856,48.3394,9.4304,23.0624,45.6225,36.7269,20.4825,61.5385,29.7149,23.074,8.1205
SYNGR3,53.8462,42.0567,4.274,159.3468,88.7818,9.4304,1106.5133,14.6169,44.9588,68.2749,1106.5133,159.20998,49.4025,4.274
SLC24A1,402.0513,318.5943,630.8836,369.3694,213.5072,342.252,173.9287,224.1259,511.096,171.7387,630.8836,335.75471,330.42315,171.7387
AURKB,174.8718,455.1347,267.9773,157.6577,207.9553,465.8619,125.8821,556.7712,352.0717,541.1925,556.7712,330.53762,310.0245,125.8821
COPS2,2464.1026,1176.4367,1952.7727,502.8153,856.4696,857.4123,790.8471,1297.361,633.2225,859.8088,2464.1026,1139.12486,858.61055,502.8153
PPT2,368.1333,805.6229,514.7943,94.7016,223.1631,275.8469,420.9844,138.4442,260.7167,214.5426,805.6229,331.695,268.2818,94.7016
OTOF,4.6154,5.1851,2.137,3.9414,4.7861,0.7544,4.3242,3.1006,22.1628,25.4893,25.4893,7.64963,4.4698,0.7544
ARHGAP29,1688.7179,2905.3723,794.1019,1255.6306,1139.8057,2322.5198,1067.5956,1089.1808,869.4145,186.1629,2905.3723,1331.8502,1114.49325,186.1629
NCR2,0,0,0,1.1261,0,0.3772,0,0,0,0,1.1261,0.15033,0,0
EIF4E2,1828.2051,965.5768,1567.2615,1686.3739,1765.8253,2654.8472,1206.9307,1847.4881,1393.4061,2057.8061,2654.8472,1697.37208,1726.0996,965.5768
ONECUT2,25.641,11.5224,16.6684,136.8243,0.4786,104.1117,15.8554,93.9025,153.5565,13.655,153.5565,57.22158,21.1547,0.4786
XAGE1B,2.5641,0,0,10368.2432,3501.977,10832.8932,2434.5215,9419.0445,2307.1462,10.4688,10832.8932,3887.68585,2370.83385,0
FAM53B,1053.4051,812.0985,349.563,336.616,719.9561,883.0592,932.4261,347.1603,660.1091,828.2249,1053.4051,692.26183,766.0273,336.616
ECE2,384.1026,236.2091,461.1604,358.1081,233.0822,258.7703,470.8567,379.5966,238.4083,551.6614,551.6614,357.19557,368.85235,233.0822
GPRIN2,829.7436,503.5287,4.7014,293.3559,498.7099,2390.7959,4.3242,128.8945,989.0935,50.9786,2390.7959,569.41262,396.0329,4.3242
UTP14C,1134.359,1306.6398,1337.7498,558.5586,1357.5725,559.4115,1053.1816,774.6959,883.0288,668.6391,1357.5725,963.38366,968.1052,558.5586
KEAP1,1266.1538,1326.804,2049.7916,1830.518,1059.6388,1310.4489,1041.6504,2506.5776,1034.0523,2391.898,2506.5776,1581.75334,1318.62645,1034.0523
LCMT2,410.7692,277.6898,368.4154,65.8784,134.2496,118.8231,143.1789,218.8106,114.6133,245.7897,410.7692,209.8218,180.99475,65.8784
FCHSD2,731.7179,609.2006,767.8299,1136.2387,1091.4782,1449.7963,804.0647,498.37,1046.4698,494.6336,1449.7963,862.97997,785.9473,494.6336
SUPT7L,1036.4103,1549.7624,1810.4498,996.3119,1041.5833,3479.834,945.0767,1215.4177,1022.0211,2050.5234,3479.834,1514.73906,1128.5005,945.0767
RBX1,1302.9487,692.1388,2041.4959,2176.5709,1287.3415,1347.9668,931.8303,1635.1045,419.4339,1301.9254,2176.5709,1313.67567,1302.43705,419.4339
AKT3,953.3333,1510.5862,292.7663,122.7477,476.9332,98.4534,327.1974,110.7341,169.7036,130.6327,1510.5862,419.30879,231.23495,98.4534
NAALAD2,44.6154,327.2361,5.1288,5.6306,30.1523,15.4659,10.5703,3.1006,6.9654,7.7378,327.2361,45.66032,9.15405,3.1006
USH1C,3.0769,1.1522,3.4192,1.6892,13.1617,0.7544,4.3242,6.644,0.6332,95.5849,95.5849,13.04399,3.24805,0.6332
TSPAN1,578.9744,23.0448,1039.4273,2377.2523,575.7658,48.2837,3219.1225,170.9735,4115.9462,2688.2112,4115.9462,1483.70017,809.20085,23.0448
ARFRP1,632.3077,1563.5892,789.4006,842.3423,646.3605,972.086,1470.7066,488.116,581.6149,822.9404,1563.5892,880.94642,806.1705,488.116
MRPS31,301.5385,319.1704,424.8317,142.455,344.1194,246.6994,231.5846,228.9982,206.1139,313.6095,424.8317,275.91206,274.11895,142.455
STAM2,1078.4615,649.2871,983.011,938.6261,946.9265,723.1233,698.1172,887.2018,1085.9766,452.8903,1085.9766,844.36214,912.91395,452.8903
SF3B4,1610.7692,2684.7184,2093.8134,1896.3964,3964.7912,8140.7016,3340.6805,5129.6475,2008.8984,2915.3391,8140.7016,3378.57557,2800.02875,1610.7692
NET1,3531.2821,2186.9509,3746.5541,2819.2568,3760.1861,8375.3301,4937.2692,5177.0417,2361.6033,8803.8234,8803.8234,4569.92977,3753.3701,2186.9509
TFG,2528.7179,1591.243,2499.4123,3434.1216,3151.6357,2073.5571,4204.078,4285.8535,3888.6193,4259.4447,4285.8535,3191.66831,3292.87865,1591.243
BTN3A3,766.6667,426.9048,660.327,453.2658,614.5331,298.7552,614.0356,688.7662,1351.2968,277.6513,1351.2968,615.22025,614.28435,277.6513
BTN2A2,464.1026,853.8096,223.1008,267.455,633.1988,394.1909,331.0411,599.736,704.7766,280.8375,853.8096,475.22489,429.14675,223.1008
MYL9,11928.7179,8119.2568,4489.7959,3457.2072,7722.8236,2098.4534,6408.4562,2573.0181,465.4185,5494.7656,11928.7179,5275.79132,4992.28075,465.4185
RBM14,874.2564,1573.2738,838.8332,814.2117,945.3232,1230.3584,974.4044,1153.8806,1028.7396,1222.7856,1573.2738,1065.60669,1001.572,814.2117
CHERP,951.6821,2093.2047,1293.9288,1561.5935,1067.1769,1729.2116,2305.6989,1932.6249,1377.585,2315.6896,2315.6896,1662.8396,1645.40255,951.6821
HTATIP2,363.5897,371.0212,2022.4383,1886.2613,1085.005,754.8095,808.1439,907.1339,818.7567,2367.3191,2367.3191,1138.44786,862.9453,363.5897
SLC34A2,3462.5641,51.2747,20.9424,74793.9189,11971.1902,37612.2218,8994.3245,40922.0166,34252.9043,13719.6177,74793.9189,22580.09752,12845.40395,20.9424
MRPL28,895.8974,1389.0249,1141.575,1325.4505,884.7074,786.4957,1365.4845,1511.7422,847.8849,681.8389,1511.7422,1083.01014,1018.7362,681.8389
IGF2BP1,0.5128,1.1522,114.1148,1.1261,8.1363,0.3772,197.4715,1.3288,0.3166,145.6532,197.4715,47.01895,1.2405,0.3166
EBP,592.3077,595.1318,1068.0628,831.0811,836.1287,1879.668,645.2659,1482.0655,403.0461,2644.5152,2644.5152,1097.72728,833.6049,403.0461
AP4B1,321.8564,581.0341,238.2263,440.2872,486.7877,836.7974,389.2207,429.6883,280.3244,326.9322,836.7974,433.11547,409.4545,238.2263
SDCCAG8,377.4359,562.8691,245.7528,519.1441,512.1109,438.3252,590.9732,414.1456,349.5388,527.5376,590.9732,453.78332,475.21805,245.7528
HPSE,80,19.012,183.3529,137.3874,165.8378,167.8612,78.316,194.0062,156.406,104.6882,194.0062,128.68677,146.8967,19.012
HCST,158.4615,144.03,43.5944,162.1622,377.1433,80.347,104.7416,217.0389,237.4584,314.975,377.1433,183.99523,160.31185,43.5944
EHMT2,2295.8974,3064.3814,1479.2179,811.3739,1484.643,2718.974,2896.7298,2027.3203,2165.3043,1887.574,3064.3814,2083.1416,2096.3123,811.3739
EHD1,867.1795,1040.4724,2498.1301,3275.3378,1736.1516,1020.3697,2492.6579,1255.725,3979.8034,1837.9609,3979.8034,2000.37883,1787.05625,867.1795
TPPP,133.8462,31.6866,31.6273,1808.5586,56.4758,2517.1633,71.109,121.3646,125.6947,93.3091,2517.1633,499.08352,107.33685,31.6273
PTPRT,671.7949,4467.8093,0.8548,14.0766,0.9572,1.8861,0.4805,3.5435,2.8495,41.8753,4467.8093,520.61277,3.1965,0.4805
FAF1,698.9744,831.917,704.3488,796.1712,784.439,1124.1041,750.9684,538.6108,1059.3812,751.9345,1124.1041,804.08494,768.18675,538.6108
ZWINT,520.5128,733.9767,682.5516,604.7297,753.0902,2733.3082,452.599,767.6089,579.3986,659.9909,2733.3082,848.77666,671.27125,452.599
RABL2A,413.8462,608.9587,179.5064,202.1396,216.331,431.1581,300.7717,277.2782,209.5966,340.0091,608.9587,317.95956,289.02495,179.5064
ERLIN2,2960.5128,1349.8488,2535.741,1643.018,2627.5596,2199.4983,748.5661,878.3431,2944.168,1353.2089,2960.5128,1924.04646,1921.25815,748.5661
AKAP13,2820.5128,3355.898,2401.5386,2694.2568,2805.3626,3702.3765,2250.9835,2864.0274,7349.4969,2859.3537,7349.4969,3310.38068,2839.93325,2250.9835
PMF1,796.2205,1033.6454,768.1333,1562.2973,987.1631,2403.2441,1031.3396,1943.9774,427.7418,1336.3678,2403.2441,1229.01303,1032.4925,427.7418
NXPH3,78.4615,34.5672,11.1123,19.1441,67.2445,20.7469,82.1597,13.731,7.5987,31.4065,82.1597,36.61724,26.0767,7.5987
USP18,172.8205,67.406,612.886,855.8559,577.4409,705.017,358.9081,1593.2426,350.8053,547.5649,1593.2426,584.19472,562.5029,67.406
KLF12,664.1026,504.681,649.2147,46.1712,153.6333,49.0381,244.5572,65.1117,148.1741,84.6609,664.1026,260.93448,150.9037,46.1712
CPEB3,80.5128,90.4508,51.2875,95.1577,105.2938,222.1803,97.5346,82.3862,154.8229,50.0683,222.1803,102.96949,92.80425,50.0683
FNDC3A,1454.359,1469.6817,1792.4992,1229.1667,1884.5202,909.0909,1205.4893,1555.15,1728.3808,882.112,1884.5202,1411.04498,1462.02035,882.112
FASTKD2,1180.5128,850.3529,977.4549,715.0901,923.2354,1043.3799,663.5236,1130.8169,764.2995,654.0737,1180.5128,890.27397,886.79415,654.0737
FAN1,662.0667,680.6222,441.6797,225.2083,275.341,340.2603,271.0069,260.987,428.5302,269.9363,680.6222,385.56386,307.80065,225.2083
MSRB2,639.4872,449.9496,347.473,393.018,607.1146,531.4975,497.7628,942.1259,148.8073,2018.6618,2018.6618,657.58977,514.63015,148.8073
ATF6,1403.0769,1273.801,1445.881,1499.4369,2543.3245,3534.8925,1311.1919,1916.1433,1838.5615,594.9021,3534.8925,1736.12116,1472.65895,594.9021
PAXIP1,376.6667,691.9602,339.3995,443.8232,343.143,847.0577,468.5985,498.6845,419.6904,423.2544,847.0577,485.22781,433.5388,339.3995
SIPA1L3,486.6667,1248.4517,516.2945,2750.5631,2315.7463,2637.1181,2491.6969,2266.0631,1435.5154,7079.6541,7079.6541,2322.77699,2290.9047,486.6667
GPATCH8,1072.8205,2629.4109,1429.2125,1168.3559,1627.0289,2414.1833,1337.6175,1150.3061,2073.4871,1219.3901,2629.4109,1612.18128,1383.415,1072.8205
NACAD,290.7692,241.3942,124.7997,166.1036,134.4889,11.3165,110.5072,21.261,20.2631,78.7437,290.7692,119.96471,117.65345,11.3165
NCDN,273.3333,316.8659,609.0052,1212.8378,434.0977,987.5179,683.7032,911.1204,1468.4145,667.2736,1468.4145,756.41695,675.4884,273.3333
RCOR1,980.5128,870.5171,2514.7986,1956.0811,583.6628,459.4493,1147.8334,1002.3653,2013.0143,439.6905,2514.7986,1196.79252,991.43905,439.6905
ARL6IP1,6664.6154,4562.293,5421.5194,10513.5135,8900.2,3899.6605,6881.7153,5105.7289,5702.1685,6610.833,10513.5135,6426.22475,6156.50075,3899.6605
ANKRD12,580,518.5078,1069.7724,877.2523,694.7,632.2143,1226.6298,742.3616,1825.2638,454.711,1825.2638,862.1413,718.5308,454.711
DENND5A,1603.5897,1143.0217,1087.2957,1739.8649,1766.3039,1821.5768,1190.1144,1020.5257,1190.1417,2259.8999,2259.8999,1482.23344,1396.8657,1020.5257
IQCE,465.641,1311.8249,361.5771,735.9234,1530.35,1256.507,1584.577,658.6466,948.2507,1402.822,1584.577,1025.61197,1102.37885,361.5771
KIF13B,837.9487,992.6545,282.9362,480.8559,1362.5978,1166.3523,388.697,1012.5528,1636.5635,3388.1793,3388.1793,1154.9338,1002.60365,282.9362
LARP1,2748.2051,6743.4826,2439.1495,2322.0721,3312.9267,4961.1467,3093.2404,5461.4069,7684.155,4079.6541,7684.155,4284.54391,3696.2904,2322.0721
MAU2,824.6154,2240.53,1110.375,1375.5631,1363.5551,1519.0494,2189.9643,1323.0513,746.2527,1557.1234,2240.53,1425.00797,1369.5591,746.2527
ATP13A2,963.5897,884.3439,630.4092,2584.4595,1656.4633,1430.4036,2581.0636,1317.7361,1206.9221,916.7046,2584.4595,1417.20956,1262.3291,630.4092
FBXO46,283.0769,1408.0369,259.002,391.8919,430.2689,785.364,708.207,659.9754,290.3325,804.7337,1408.0369,602.08892,545.12215,259.002
LEPROTL1,1066.1538,819.2424,854.7922,509.5721,1057.0064,686.1562,549.1727,842.0223,745.3029,1447.4283,1447.4283,857.68493,830.63235,509.5721
POFUT1,2600.5128,2414.5182,2098.9422,1607.545,2095.3471,1066.7673,1438.0349,1211.4313,1842.0442,1910.7874,2600.5128,1828.59304,1876.4158,1066.7673
GTPBP4,1026.6667,1170.0994,1071.9094,1072.6351,1176.8978,2314.9755,1183.3879,1938.2901,660.7677,1825.2162,2314.9755,1344.08458,1173.4986,660.7677
DDAH1,845.1282,519.084,95.7367,3643.018,1759.6034,2778.9513,2030.4495,2973.4327,6527.8907,771.5066,6527.8907,2194.48011,1895.02645,95.7367
CADM1,3596.4103,313.9853,1354.4182,7192.5676,1001.0093,4466.9936,465.0911,2329.403,3059.0979,299.9545,7192.5676,2407.89308,1841.9106,299.9545
IL17RA,491.7949,465.5048,592.7984,458.8964,766.0126,271.2184,373.3221,338.4035,593.0129,203.9144,766.0126,455.48784,462.2006,203.9144
NGEF,190.2564,383.6958,58.9807,6.1937,379.5364,318.7476,131.1672,349.034,119.9957,932.6354,932.6354,287.02429,254.502,6.1937
TMEM186,261.0256,264.439,299.6047,286.5991,256.0554,301.7729,296.4476,340.6182,193.1329,201.6386,340.6182,270.1334,275.51905,193.1329
SPATS2L,2893.8462,422.2958,3932.8988,3718.4685,4687.9683,1640.8902,3841.8066,6039.4391,5617.3167,2111.9709,6039.4391,3490.69011,3780.13755,422.2958
RAI14,2195.3846,2928.4171,9594.1874,5038.8514,2687.6249,11476.8012,4204.078,3744.1422,3363.3613,1242.1484,11476.8012,4647.49965,3553.75175,1242.1484
FBXW2,1409.2308,1794.6133,1377.4976,1793.9189,1213.272,2276.4994,888.8622,1168.4665,1420.9513,1371.8707,2276.4994,1471.51827,1393.3642,888.8622
TSPAN17,1252.8205,1474.8668,799.2307,1492.1171,1092.1841,693.7005,1001.2913,1141.8903,1674.2403,888.9395,1674.2403,1151.12811,1117.0372,693.7005
INPP5J,38.4615,131.3553,17.0958,298.9865,60.7833,188.2309,96.0932,91.2449,146.9076,163.8598,298.9865,123.30188,113.72425,17.0958
BRPF3,714.8718,854.3857,673.1488,1837.2748,1585.1507,1467.748,1621.5729,2077.8151,5322.8683,742.8311,5322.8683,1689.76672,1526.44935,673.1488
EML4,2290.7692,1153.968,1844.2141,3489.3018,1939.0815,2595.6243,1915.6181,2666.0347,2746.6026,2858.4433,3489.3018,2349.96576,2443.19675,1153.968
OSTM1,1211.2821,652.7438,1559.1409,451.5766,1021.3501,317.2388,636.6175,1021.4116,773.1647,546.1994,1559.1409,819.07255,712.95425,317.2388
CLEC2D,414.359,654.4721,238.487,148.0856,271.6102,371.9351,659.6799,481.472,751.0019,647.7014,751.0019,463.88042,447.9155,148.0856
NCAPH2,1243.5897,1257.6696,1142.8571,854.7297,1066.8179,1363.2591,480.4661,915.5497,786.7789,1275.3755,1363.2591,1038.70933,1104.8375,480.4661
CYP2S1,365.641,55.3075,492.3603,408.7838,1108.6961,294.6058,1722.9513,369.852,118.096,1730.0865,1730.0865,666.63803,389.3179,55.3075
SNX8,586.6667,337.0301,346.1908,486.4865,783.7211,701.9992,1493.2885,481.029,838.07,1630.4051,1630.4051,768.4887,644.33295,337.0301
SERTAD1,499.4872,236.7853,662.0365,420.6081,449.6525,322.5198,693.793,748.1197,291.2823,1562.1302,1562.1302,588.64146,474.56985,236.7853
TRHDE,3.0769,1.2444,0.4274,0,6.9398,1.8861,2.4023,2.6576,0.9498,1.8207,6.9398,2.1405,1.8534,0
EXOSC3,234.359,365.8361,549.6314,256.7568,189.2896,229.3474,298.3694,502.7329,214.979,497.0414,549.6314,333.8343,277.5631,189.2896
RRP15,556.9231,390.6092,403.4619,425.1126,346.0338,724.255,385.8142,988.1913,451.8042,430.5872,988.1913,510.27925,427.8499,346.0338
MRPS18C,347.0872,148.0628,357.0381,173.536,210.5996,218.3667,176.3983,242.8178,243.93,417.1097,417.1097,253.49462,230.59225,148.0628
ADIPOR1,2517.9487,2259.542,3934.181,6197.0721,2904.9131,2575.6318,3163.3885,5208.0473,2285.9332,2845.6987,6197.0721,3389.23564,2875.3059,2259.542
ABHD5,484.1026,587.0661,531.2533,337.2748,596.5852,490.0038,733.1912,720.2147,551.5368,504.3241,733.1912,553.55526,541.39505,337.2748
GOLGA7,1944.1026,688.4632,1322.7909,639.0766,1426.0134,857.0351,688.9883,686.5516,690.8457,1441.9663,1944.1026,1038.58337,773.9404,639.0766
CKLF,344.6154,190.1195,542.3656,261.2613,603.7644,372.3123,455.4818,818.1037,422.0428,773.7824,818.1037,478.38492,438.7623,190.1195
VRK3,539.4872,498.3437,686.8255,926.2387,695.6572,790.645,674.0939,856.6392,673.1155,538.4615,926.2387,687.95074,680.4597,498.3437
PLAC8,36.9231,9.794,5.5561,30.4054,14.5976,22.2558,271.9438,197.5497,122.2119,2709.604,2709.604,342.08414,33.66425,5.5561
HPCAL4,105.641,7.4896,216.6898,617.6802,7.1791,47.9065,2.8828,19.9321,2.2163,7.2827,617.6802,103.49001,13.71085,2.2163
HDAC7,997.4359,3319.0264,1376.6428,1929.6171,2719.2131,3444.3606,3644.8155,2007.8311,1590.0217,2693.218,3644.8155,2372.21822,2350.52455,997.4359
FKBP7,778.9744,332.9973,399.6153,298.9865,307.0272,291.9653,349.7793,314.042,194.0827,249.431,778.9744,351.6901,310.5346,194.0827
EMCN,178.9744,51.2747,73.9395,70.3829,63.4156,246.6994,99.9369,232.5417,44.9588,74.1921,246.6994,113.6316,74.0658,44.9588
C9orf78,885.1282,1289.9323,1515.5465,989.8649,1130.9514,1193.5119,950.8423,1148.9773,951.1002,2011.3792,2011.3792,1206.72342,1139.96435,885.1282
CALML5,101.0256,898.7469,65.819,0,19.3836,0.7544,56.695,0.4429,0,2.731,898.7469,114.55984,11.0573,0
IL20RB,34.8718,47.8179,1533.9246,19.1441,88.5425,12.4481,2023.723,23.9186,1526.6994,46.8821,2023.723,535.79721,47.35,12.4481
CNTN5,0.5128,0,0,0,16.9906,10.5621,20.1796,0,0,1.3655,20.1796,4.96106,0.2564,0
MRPL39,429.7436,206.2509,195.32,88.964,251.0301,174.6511,156.6319,315.3708,203.581,337.7333,429.7436,235.92767,204.91595,88.964
C21orf91,2035.3846,1286.4756,835.9868,95.1577,261.3201,235.7601,296.928,259.5608,266.9033,182.0665,2035.3846,575.55435,264.1117,95.1577
NANS,582.0513,525.669,705.0027,1402.027,886.8612,531.4975,1695.0842,1541.7955,473.4763,6278.1065,6278.1065,1462.15712,795.93195,473.4763
SH3TC1,360,352.5853,741.9596,318.1306,743.518,345.1528,309.9006,698.0679,408.7451,199.3628,743.518,447.74227,356.29265,199.3628
KCTD5,735.3846,731.6722,1360.8291,4117.6802,858.6233,771.0298,2499.8649,2377.6831,787.7288,1207.1006,4117.6802,1544.75966,1032.86195,731.6722
ARL15,1690.7692,1238.0815,396.1962,64.7523,194.7936,167.1068,122.0384,148.3837,162.4216,82.8402,1690.7692,426.73835,164.7642,64.7523
QPCTL,112.3077,360.651,169.6762,295.6081,270.8923,390.4187,812.4681,229.884,252.6558,261.7205,812.4681,315.62824,266.3064,112.3077
TMEM214,1845.1282,1916.1746,2136.1257,3401.464,2270.2785,3280.6488,3557.8511,3565.6388,2413.8441,6543.0132,6543.0132,3093.0167,2847.24645,1845.1282
MTMR10,668.7026,864.5312,581.5066,261.2782,482.7746,293.8401,484.2858,414.0482,491.2255,333.614,864.5312,487.58068,483.5302,261.2782
COMMD4,676.4103,1158.0009,1220.2158,1077.7027,796.4042,796.6805,1059.9081,1478.9649,537.2893,1884.843,1884.843,1068.64197,1068.8054,537.2893
MRPL16,553.3333,498.9198,638.1024,524.7748,459.464,603.923,474.7005,814.1173,704.7766,472.0073,814.1173,574.4119,539.05405,459.464
UCKL1,377.4359,1916.4914,682.5045,856.9426,629.7911,1765.0547,858.0451,680.2796,467.8026,668.1429,1916.4914,890.24904,681.39205,377.4359
HCFC1R1,1603.7795,1359.2395,2067.6525,1150.6363,1243.8958,690.4413,1928.0238,835.015,517.099,880.0774,2067.6525,1227.58601,1197.26605,517.099
LARP1B,260.5128,316.8659,167.9667,365.991,283.5754,218.7854,333.9239,376.0531,375.1843,299.9545,376.0531,299.8813,308.4102,167.9667
RFWD3,909.2308,1121.7053,1286.8896,372.7477,1119.9434,852.5085,1531.2453,972.6885,1281.3257,1174.3286,1531.2453,1062.26134,1120.82435,372.7477
SEC61A2,149.1744,419.0696,94.7366,172.1791,204.751,217.8046,232.8531,99.6031,62.5371,332.4124,419.0696,198.5121,188.46505,62.5371
ARL8B,3624.1026,1037.5918,3496.9548,1962.2748,2250.1769,1363.2591,2161.1363,1567.5522,3170.2284,1757.3964,3624.1026,2239.06733,2061.70555,1037.5918
MOB1A,1121.5385,497.7675,2035.6876,826.0135,1084.5264,424.7454,662.5627,1159.6077,1464.0104,1006.8275,2035.6876,1028.32872,1045.67695,424.7454
CHDH,56.9231,45.5135,3.8466,96.2838,80.6455,274.2361,81.1988,115.6064,840.9195,40.965,840.9195,163.61383,80.92215,3.8466
PLXNA3,552.3077,2284.3151,566.7272,1330.518,1948.1751,1433.4214,1356.3557,860.1827,1801.8346,2455.6213,2455.6213,1458.94588,1394.88855,552.3077
ZDHHC7,1223.5897,936.7708,1885.6715,926.8018,1903.4252,1255.3753,4238.6715,790.6416,1651.4443,3491.5794,4238.6715,1830.39711,1453.4098,790.6416
TRMU,467.6923,451.6779,207.7145,168.9189,262.9953,396.077,287.3187,242.7292,177.9355,336.3678,467.6923,299.94271,275.157,168.9189
N4BP2,259.4872,164.1942,211.9885,76.0135,133.771,102.98,81.1988,127.1228,535.3896,89.2126,535.3896,178.13582,130.4469,76.0135
TSNAXIP1,34.8718,179.7494,25.2164,5.0676,5.7433,1.8861,31.7108,3.1006,2.5329,82.3851,179.7494,37.2264,15.47985,1.8861
ZKSCAN7,179.4872,150.9434,97.0189,23.6486,86.8674,56.5824,70.148,35.4349,18.3635,60.0819,179.4872,77.85762,65.11495,18.3635
PCDHGA7,18.4615,100.6885,7.2657,12.3874,59.1297,20.1245,48.0466,6.2011,8.5485,9.5585,100.6885,29.0412,15.42445,6.2011
PCDHB8,25.1282,61.0687,282.9362,5.0676,85.4316,29.0456,154.2296,69.541,33.2442,11.3792,282.9362,75.70719,47.15645,5.0676
PCDHAC2,37.6564,5.1851,12.7877,3.902,153.3652,203.3308,6.025,140.1052,253.9634,57.0369,253.9634,87.33577,47.34665,3.902
C8orf44,25.5846,67.4233,17.5873,9.6959,29.9274,57.4651,52.2074,6.644,65.0193,51.2153,67.4233,38.27696,40.57135,6.644
SPIRE1,682.5641,163.0419,684.2611,1015.7658,780.6101,615.2395,350.7402,465.0833,572.1165,391.898,1015.7658,572.13205,593.678,163.0419
MAP3K7CL,177.4359,127.8986,596.2175,33.7838,185.2214,55.828,145.1007,118.264,70.9209,163.8598,596.2175,167.45306,136.49965,33.7838
LPAR5,301.5385,251.7644,856.9292,39.9775,363.2637,36.59,265.2173,35.4349,298.5644,127.4465,856.9292,257.67264,258.49085,35.4349
SLC39A10,2292.3077,778.3379,972.3261,493.8063,1090.9876,1486.6088,701,1261.0402,756.7009,305.8716,2292.3077,1013.89871,875.332,305.8716
ZNF287,287.1795,114.0717,185.0625,11.2613,221.3563,80.347,126.843,66.4405,12.9811,81.9299,287.1795,118.74728,98.0008,11.2613
BIRC6,1417.9487,1882.1835,1597.1792,1442.5676,1482.4892,4363.6364,1448.1247,1940.9477,2618.375,1877.5603,4363.6364,2007.10123,1737.36975,1417.9487
SCAF4,795.3846,1152.8158,699.22,427.9279,675.3163,1019.6152,860.0342,849.1093,805.1424,1046.4269,1152.8158,833.09926,827.12585,427.9279
CNOT6,1172.8205,1295.6935,694.5186,454.3919,689.196,916.258,754.3317,1266.7984,1185.0759,663.6322,1295.6935,909.27167,835.29485,454.3919
ZNF624,255.3846,122.1374,168.8215,44.482,237.8683,90.1547,106.183,87.2585,61.4226,76.9231,255.3846,125.06357,98.16885,44.482
WDR48,861.0256,876.8544,466.7165,332.2072,748.0648,582.7989,554.9383,460.654,796.9105,502.5034,876.8544,618.26736,568.8686,332.2072
RANBP10,530.2564,530.0302,897.9592,169.482,413.7569,193.1347,961.4126,280.8217,483.4654,782.8858,961.4126,524.32049,506.7478,169.482
ZFAT,212.7538,156.1285,315.4183,264.0372,230.6892,337.2312,235.4284,195.335,410.3282,336.3678,410.3282,269.37176,249.7328,156.1285
BEND3,282.0513,282.8748,155.5722,110.3604,127.7884,304.4134,150.8663,160.343,245.3737,152.4807,304.4134,197.21242,157.9576,110.3604
WDFY4,302.5641,129.627,39.3204,182.4324,823.9242,397.5858,111.4681,179.8322,730.4221,221.2107,823.9242,311.8387,201.82155,39.3204
ENOPH1,2182.5641,815.7857,1310.8238,910.473,988.3261,910.977,795.6518,1130.3739,875.7467,1123.35,2182.5641,1104.40721,949.65155,795.6518
RBM25,1121.5385,1797.4939,1991.2384,1467.3423,1511.6843,2099.5851,2078.0157,2216.8971,1849.6429,1581.7023,2216.8971,1771.51405,1823.5684,1121.5385
RXFP1,7.1795,4.0328,13.2493,1.1261,2.1537,7.5443,4.3242,1.7717,2.2163,1.8207,13.2493,4.54186,3.12455,1.1261
ANKEF1,132.3077,108.3105,182.0707,124.4369,242.4151,236.1373,97.0541,227.2264,208.3302,289.0305,289.0305,184.73194,195.20045,97.0541
LIN7B,29.2308,111.1911,28.6355,47.2973,50.7325,58.4685,52.8513,30.1197,18.9967,127.4465,127.4465,55.49699,49.0149,18.9967
DNAJC1,525.641,492.5825,352.6018,317.0045,623.148,318.7476,532.3564,578.918,252.9724,798.3614,798.3614,479.23336,509.11175,252.9724
SIL1,703.0769,1268.0398,723.5816,745.4955,933.5255,566.2014,908.5613,2469.3709,793.4278,1282.6582,2469.3709,1039.39389,850.99455,566.2014
HHIP,1056.4103,3002.1604,3.8466,30.4054,2.1537,0,0.9609,272.4059,0.9498,5.0068,3002.1604,437.42998,4.4267,0
GZF1,689.2308,558.8362,432.5248,548.4234,428.3544,361.7503,474.7005,514.6922,416.0272,614.9294,689.2308,503.94692,494.69635,361.7503
ALDH8A1,6.1538,9.2179,3.4192,0,7.6577,7.5443,22.5819,3.5435,4.7492,33.6823,33.6823,9.85498,6.84905,0
ENGASE,226.6667,2389.7451,189.7639,476.9144,571.6976,1330.8186,1344.8245,271.963,628.1567,969.0487,2389.7451,839.95992,599.92715,189.7639
SPATA20,799.0256,884.9201,1536.1342,2651.0304,1362.5978,5056.6918,641.4222,1894.8823,2102.2987,1810.6509,5056.6918,1873.9654,1673.39255,641.4222
MRPS26,709.7436,1057.1799,739.8226,639.0766,678.9059,1213.5043,611.6333,1435.5572,268.1697,1798.8166,1798.8166,915.24097,724.7831,268.1697
DLK2,81.5385,54.7314,333.7963,206.6441,54.8007,45.6432,15.8554,8.8587,143.4249,11.3792,333.7963,95.66724,54.76605,8.8587
TRIM48,0,1.7284,0,0,0,0,0,0,0.3166,0,1.7284,0.2045,0,0
CERS4,800.5128,2050.4105,570.1464,1341.2162,334.0686,1654.47,662.0822,1494.0248,50.9744,2644.9704,2644.9704,1160.28763,1070.8645,50.9744
C22orf46,546.6667,404.4361,481.248,321.509,399.1593,452.6594,384.8533,390.227,394.4976,717.3418,717.3418,449.25982,401.7977,321.509
AKIRIN1,1228.2051,1295.6935,1747.6226,1291.6667,1631.0971,781.5919,1475.0308,1266.7984,1615.3506,828.4024,1747.6226,1316.14591,1293.6801,781.5919
CENPU,499.0513,309.5953,585.866,376.4583,79.0158,275.4357,315.4356,958.4304,708.6615,373.523,958.4304,448.14729,374.99065,79.0158
LMAN1L,0,1.1522,0,1.1261,0.4786,0.7544,0,0,0.6332,5.1707,5.1707,0.93152,0.5559,0
MOB3B,534.359,307.648,2238.2733,104.1667,424.5256,619.3889,379.5682,163.8865,657.2849,82.3851,2238.2733,551.14862,402.0469,82.3851
PIP4K2C,1140.5128,892.4096,2098.9422,2916.6667,1726.8188,1562.8065,3590.0423,2083.5733,2285.3,1462.904,3590.0423,1975.99762,1905.19605,892.4096
NEK11,288.7179,95.0598,114.9695,62.5,157.9407,294.6058,200.8348,98.3319,147.8575,116.9777,294.6058,157.77956,132.4176,62.5
CCDC134,63.5897,43.209,97.4463,47.8604,73.2271,69.4078,39.3982,63.3399,69.3379,86.9367,97.4463,65.3753,66.4638,39.3982
PLEKHH3,194.8718,570.3586,425.2591,708.3333,666.2228,1086.7597,1143.5092,600.1789,1033.7357,989.9863,1143.5092,741.92154,687.27805,194.8718
DOCK5,331.2821,29.3821,558.1793,220.7207,413.039,652.5839,457.3028,481.472,916.5896,731.9071,916.5896,479.24586,469.3874,29.3821
UXS1,3300.5128,2605.79,1197.5638,1866.5541,3915.2552,2399.8491,1703.2522,887.6447,719.3408,971.7797,3915.2552,1956.75424,1784.90315,719.3408
ULBP1,18.4615,5.7612,22.652,1.1261,79.9276,260.2791,16.3358,79.7286,1.5831,167.5011,260.2791,65.33561,20.55675,1.1261
SLC19A3,47.1795,6.3373,8.9753,6.7568,111.0371,100.7167,28.828,19.4892,2.2163,20.9376,111.0371,35.24738,20.2134,2.2163
SLC35G2,147.1795,75.4717,83.3422,66.4414,59.826,21.1241,42.7615,135.9815,10.7648,79.6541,147.1795,72.25468,70.95655,10.7648
AARSD1,548.7179,458.0153,500.0534,414.9775,456.353,1251.226,467.4935,449.5805,432.491,791.9891,1251.226,577.08972,462.7544,414.9775
PPT2,30.7795,461.5584,35.1961,13.6937,31.1239,144.6624,151.4669,64.9566,62.5181,152.6263,461.5584,114.85819,63.73735,13.6937
SLC38A1,1259.4872,879.735,4628.6996,1930.7432,2510.7792,2141.8333,1293.4146,3695.8621,4897.0261,4927.1734,4927.1734,2816.47537,2326.30625,879.735
TRMT1L,569.7436,315.7137,612.4586,549.5495,493.6845,397.963,364.1933,713.5707,713.0085,469.7315,713.5707,519.96169,521.617,315.7137
ARPC5L,391.2821,852.6574,1289.8814,1954.955,867.9562,1124.4813,955.647,1868.3061,507.5278,1682.294,1954.955,1149.49883,1040.06415,391.2821
RAB1B,4154.8615,4105.3378,6827.1738,7673.3333,4075.7876,5022.169,4671.0141,5067.5877,5778.0666,4374.1329,7673.3333,5174.94643,4846.59155,4075.7876
KIF18A,106.6667,202.7942,319.2649,130.6306,118.6949,59.6002,89.8472,158.1283,262.7873,145.198,319.2649,159.36123,137.9143,59.6002
ELOVL3,21.0256,1.7284,19.2328,9.5721,26.0842,71.2939,275.307,0,1.5831,10.4688,275.307,43.62959,14.8508,0
COG3,616.9231,833.0693,1035.1533,663.2883,792.0967,700.4904,1005.6154,710.4701,695.9115,825.6714,1035.1533,787.86895,751.2834,616.9231
DYNLRB2,25.1282,13.2508,3.8466,1.1261,0.2393,0.3772,0,2.2147,1.5831,64.1784,64.1784,11.19444,1.8989,0
BRIP1,110.2564,417.6869,192.3282,63.0631,62.4584,298.378,72.5504,145.7261,229.5432,76.4679,417.6869,166.84586,127.99125,62.4584
USP44,23.0769,0.5761,2.5644,256.7568,50.4932,70.5394,104.7416,476.5997,175.7192,12.7447,476.5997,117.3812,60.5163,0.5761
ACAD11,329.7436,668.2587,242.761,402.027,303.9019,264.4285,274.8266,230.7079,657.2533,361.8571,668.2587,373.57656,316.82275,230.7079
ZNF644,1150.7692,932.738,830.858,892.455,821.5312,1528.1026,1068.076,1014.7675,1073.9453,599.4538,1528.1026,991.26966,973.75275,599.4538
NLRC5,331.7949,1042.2008,784.2718,712.2748,839.2397,1017.7292,1236.7196,1156.9501,1952.2249,1080.5644,1952.2249,1015.39702,1029.965,331.7949
RHBDD1,481.0256,320.8987,352.6018,131.7568,352.495,263.2969,176.8115,408.3874,337.191,135.6395,481.0256,296.01042,329.04485,131.7568
MRI1,70.7692,945.4126,342.3443,306.3063,284.5326,563.5609,580.8835,375.1672,341.6235,311.3336,945.4126,412.19337,341.9839,70.7692
PDCD2L,110.2564,120.409,110.6956,162.1622,197.1866,280.6488,163.8389,349.9198,150.707,699.5904,699.5904,234.54147,163.00055,110.2564
TMEM101,771.2821,1371.1652,663.7461,685.8108,1059.6388,1435.6846,818.2337,595.3066,880.4959,499.3173,1435.6846,878.06811,794.7579,499.3173
KISS1R,3.5897,12.6746,0.8548,277.027,16.0334,13.2026,4.8047,139.0821,0.3166,34.1375,277.027,50.1723,12.9386,0.3166
PIGO,544.1026,1394.7861,931.2961,703.2658,1192.4526,625.4244,605.3872,672.3776,781.3966,701.411,1394.7861,815.19,702.3384,544.1026
ZNF607,233.8462,289.2122,180.7885,110.9234,226.3817,433.7986,307.0178,145.7261,26.912,401.0014,433.7986,235.56079,230.11395,26.912
TMEM209,667.1795,622.2094,838.5511,539.4144,458.0281,1090.9091,472.2981,780.897,1232.5676,330.4506,1232.5676,703.25049,644.69445,330.4506
TIGD5,155.3846,256.9494,279.517,115.4279,112.473,94.304,328.1583,131.1092,182.6847,368.6846,368.6846,202.46927,169.03465,94.304
USP45,218.9744,279.9942,152.153,108.1081,182.8284,200.3018,143.1789,170.9735,205.1641,101.9572,279.9942,176.36336,176.90095,101.9572
MAATS1,110.7692,60.4926,0.4274,9.009,22.2553,9.8076,13.453,6.2011,3.7993,105.5985,110.7692,34.1813,11.6303,0.4274
ZNF551,174.359,276.5375,275.2431,83.8964,112.473,188.2309,140.8486,148.8267,177.3023,61.4474,276.5375,163.91649,161.59285,61.4474
EXOC3L2,68.2051,23.0448,72.6573,51.2387,97.8754,75.4432,141.7375,120.0358,41.1595,55.9854,141.7375,74.73827,70.4312,23.0448
DCAF15,379.4872,872.8215,809.0608,740.4279,362.3065,611.4674,733.6717,1118.4146,460.986,712.335,1118.4146,680.09786,723.00335,362.3065
BMF,879.4872,1118.2486,300.0321,833.8964,1514.7953,695.9638,959.0102,401.7434,740.8703,2993.1725,2993.1725,1043.72198,856.6918,300.0321
CCDC126,239.4872,152.6718,315.8457,113.7387,378.5792,109.7699,272.4243,98.3319,119.0458,201.6386,378.5792,200.15331,177.1552,98.3319
CCDC34,445.641,1333.1413,332.5142,273.0856,221.5956,122.5952,194.1083,266.2048,270.0694,259.4447,1333.1413,371.84001,268.1371,122.5952
PKDCC,40,55.8836,5.1288,341.7793,106.251,61.8634,464.6107,113.8347,14.5641,126.5362,464.6107,133.04518,84.0572,5.1288
COL23A1,18.9744,16.1314,47.8684,15.7658,45.4678,3.7722,120.597,31.4485,4.1159,5.9172,120.597,31.00586,17.5529,3.7722
AHNAK2,9659.4872,961.544,7970.0823,7001.1261,3809.2435,1424.3682,4582.2047,268.8625,15214.7535,2941.2836,15214.7535,5383.29556,4195.7241,268.8625
SDSL,162.0513,27.0776,187.6269,357.545,389.3479,553.7533,105.2221,885.43,452.7541,209.3764,885.43,333.01846,283.4607,27.0776
CSMD3,2.0513,0,7.6931,0,0,0,0.4805,0,0,0,7.6931,1.02249,0,0
TOP1MT,476.4103,603.7736,641.9489,434.1216,412.0817,1266.6918,744.7224,569.1734,1015.3723,1380.5189,1380.5189,754.48149,622.86125,412.0817
TADA1,429.2308,429.2093,273.1061,311.9369,413.9962,295.7375,474.22,463.3116,257.0883,415.1115,474.22,376.29482,414.55385,257.0883
AGAP5,3.5897,32.8792,5.5561,3.9414,15.8036,26.7823,37.9568,3.5435,177.945,26.8776,177.945,33.48752,21.29295,3.5435
LRIG3,3268.7179,5624.6579,2080.1368,2661.5991,2482.7806,895.1339,452.1186,2227.5276,421.093,411.4702,5624.6579,2052.52356,2153.8322,411.4702
NAA30,785.641,277.1136,885.9921,413.8514,397.9628,447.0011,435.7827,482.3578,549.9537,281.2927,885.9921,495.69489,441.3919,277.1136
CYB5D2,255.3846,410.7734,292.7663,270.2703,297.2158,686.9106,221.9753,249.3732,193.1329,397.36,686.9106,327.51624,281.5183,193.1329
COX6B2,10.7692,9.2179,13.2493,2.2523,9.3329,0.7544,87.9253,3.5435,5.0658,31.8616,87.9253,17.39722,9.2754,0.7544
JOSD2,210.2564,273.0808,423.5495,731.4189,449.1739,248.2082,456.4427,503.1759,121.8953,571.2335,731.4189,398.84351,436.3617,121.8953
GIPC3,85.1282,80.0807,120.0983,43.3559,139.7536,71.6711,153.2687,76.628,37.6767,96.0401,153.2687,90.37013,82.60445,37.6767
PODN,1930.7692,1445.4847,120.5257,252.8153,2318.6179,400.2263,1713.8224,209.066,206.7471,1167.5011,2318.6179,976.55757,783.8637,120.5257
WFDC12,0,0,29.4903,0.5631,0,0.3772,33.1522,0.8859,6.6488,0,33.1522,7.11175,0.47015,0
TYW5,258.9744,302.4629,227.1311,159.009,279.3948,347.9593,233.1942,194.9364,218.5631,205.0888,347.9593,242.6714,230.16265,159.009
DIS3L2,407.1795,802.5349,358.5853,315.3153,376.6647,724.6322,416.5641,513.8063,441.6727,486.5726,802.5349,484.35276,429.1184,315.3153
LYPD6,298.4615,65.1015,64.1094,1.6892,150.0437,120.7092,64.8629,0.8859,0.3166,9.1033,298.4615,77.52832,64.48615,0.3166
C5orf24,1920.5128,1612.5594,821.8827,564.1892,1018.2392,760.0905,969.1,906.2481,1128.7191,561.2198,1920.5128,1026.27608,937.67405,561.2198
ABRA,2.0513,1.1522,0,0,0.7179,5.281,0.9609,0.8859,0,0.9103,5.281,1.19595,0.8981,0
RPL10L,0,0,0,0,6.7005,0.3772,2.4023,0,0,0,6.7005,0.948,0,0
SLC34A3,0.5128,2.8806,0.8548,162.1622,9.5722,8.676,15.8554,6.644,65.8551,36.8685,162.1622,30.98816,9.1241,0.5128
EME1,64.8718,201.8782,94.134,112.0664,87.8127,424.0513,124.6233,135.9018,170.4002,227.7833,424.0513,164.3523,130.26255,64.8718
ZNF524,132.3077,229.8718,155.1448,342.3423,277.1142,311.2033,337.7676,331.3165,172.8697,624.9431,624.9431,291.4881,294.15875,132.3077
DPY19L3,277.9487,297.2778,208.1419,308.5586,257.9699,422.1049,402.6306,339.7323,334.0249,494.3104,494.3104,334.27,321.29175,208.1419
ANKAR,13.8462,73.1672,28.6355,18.018,32.7847,25.6507,13.453,25.6903,46.2252,41.8753,73.1672,31.93461,27.1629,13.453
PPM1L,116.9231,78.3523,17.5232,7.8829,41.1603,7.1671,55.2536,10.1875,103.5319,82.8402,116.9231,52.08221,48.20695,7.1671
XXYLT1,677.9487,599.7407,895.3948,309.6847,536.0413,262.1652,418.4859,327.773,150.0737,288.1202,895.3948,446.54282,373.12945,150.0737
GLIPR2,1086.1538,229.8718,436.3714,422.8604,938.5509,147.8687,835.5305,496.5318,571.1667,848.4297,1086.1538,601.33357,533.84925,147.8687
CLEC2L,0,21.3164,1.2822,0.5631,81.3634,1.5089,195.5497,1.3288,0,0,195.5497,30.29125,1.3055,0
IQUB,22.5641,21.8926,11.9671,5.0676,5.0254,6.7899,2.8828,1.7717,19.9465,17.2963,22.5641,11.5204,9.3785,1.7717
AK8,43.5897,223.5345,6.4109,5.0676,13.1617,40.7393,48.0466,2.6576,17.7302,126.081,223.5345,52.70191,29.23475,2.6576
ADAL,242.5641,233.9047,155.1448,56.8694,74.9022,49.7925,75.4332,63.7829,83.902,116.9777,242.5641,115.32735,79.6676,49.7925
SYNE4,4.6154,7.4896,5.9835,314.7523,224.228,493.7759,194.1083,484.1296,51.6076,1017.7515,1017.7515,279.84417,209.16815,4.6154
LONRF2,262.5641,321.4749,0.8548,145.2703,332.3935,267.8235,45.6443,439.8359,16.1472,115.157,439.8359,194.71655,203.9172,0.8548
SPATA5,222.5641,161.3136,145.3147,86.7117,132.3352,131.2712,161.4366,125.351,243.474,84.2057,243.474,149.39778,138.82495,84.2057
METTL21C,0.5128,0,0,0,0,0,0,0,0,0,0.5128,0.05128,0,0
TEX37,0.5128,0,1.2822,0,0,0,13.9335,0,0,0.9103,13.9335,1.66388,0,0
ZBTB7C,174.359,27.6538,26.0712,25.3378,122.0451,13.5798,12.9726,14.174,124.1116,147.4738,174.359,68.77787,26.8625,12.9726
ZSCAN4,0,7.4896,2.137,0,1.4358,1.1316,0.9609,0,66.4884,0.9103,66.4884,8.05536,1.04625,0
PDE12,435.3846,272.5047,404.7441,315.8784,496.3168,360.9959,382.451,561.6435,645.2537,299.0442,645.2537,417.42169,393.59755,272.5047
CERS3,284.1026,248.3076,1270.6486,2.2523,0,1.5089,6.2461,0,1.5831,2.2758,1270.6486,181.6925,2.26405,0
C6orf136,106.6667,398.6749,246.6075,208.8964,294.8227,300.2641,295.0062,338.8464,280.5176,350.4779,398.6749,282.07804,294.91445,106.6667
KDM1B,949.7436,736.2811,798.3759,350.7883,766.4912,810.6375,604.9068,510.7058,1328.5008,510.2412,1328.5008,736.66722,751.38615,350.7883
PRPS1L1,0,0,0.4274,0.5631,0.7179,0.3772,0,0.4429,0.3166,0,0.7179,0.28451,0.3469,0
MCM9,44.6154,116.3762,64.9642,28.7162,45.2285,85.6281,45.6443,47.8371,68.7046,50.0683,116.3762,59.77829,48.9527,28.7162
LCE5A,22.5641,10.9463,0,0,0,0,0,0,0,0,22.5641,3.35104,0,0
ST6GALNAC3,60,32.2627,73.5121,11.8243,30.1523,95.0585,31.7108,20.3751,14.8807,6.8275,95.0585,37.6604,30.93155,6.8275
GCSAM,69.7436,39.1761,35.9013,10.1351,24.409,36.9672,17.7772,20.3751,30.3947,32.3168,69.7436,31.71961,31.35575,10.1351
STEAP2,599.4872,879.735,141.4681,971.8468,969.4211,28.2912,1514.429,1293.8175,1211.038,969.5039,1514.429,857.90378,969.4625,28.2912
MKX,25.1282,38.6,1.2822,2.2523,33.024,1.5089,18.7382,1.3288,5.0658,84.2057,84.2057,21.11341,11.902,1.2822
ZNF283,77.4359,38.6,21.7972,7.8829,52.8862,54.6963,63.902,90.359,53.8239,143.8325,143.8325,60.52159,54.2601,7.8829
THEM5,0,4.609,1.7096,10.1351,25.1269,44.5115,8.6484,0,3.7993,5.9172,44.5115,10.4457,5.2631,0
RSPO1,6.1538,5.1851,2.5644,1.6892,11.4866,1.5089,5.7656,6.644,1.2664,5.462,11.4866,4.7726,5.32355,1.2664
ANKRD13D,288.2051,1899.4671,1028.7424,827.7027,583.1842,904.9415,916.2488,638.2715,580.0318,1790.6236,1899.4671,945.74187,866.3221,288.2051
PRSS38,0,2.8806,0,0,0.9572,0,0,0,0,0,2.8806,0.38378,0,0
ATXN1L,1472.8205,875.7021,1419.1559,496.6216,1390.5964,1282.1577,1281.403,625.4263,1585.5891,726.9003,1585.5891,1115.63729,1281.78035,496.6216
ZNF404,104.1026,126.7464,21.7972,30.4054,45.4678,77.3293,164.7999,56.6959,8.2319,168.4115,168.4115,80.39879,67.0126,8.2319
TMPRSS7,2.5641,2.3045,5.5561,2.8153,14.8369,1.5089,1.4414,0.4429,1.2664,3.6413,14.8369,3.63778,2.4343,0.4429
ZNF773,181.5385,165.3464,146.1695,117.1171,117.0197,152.7725,174.8896,113.8347,152.9232,40.0546,181.5385,136.16658,149.471,40.0546
NRROS,166.6667,87.5702,45.7314,95.7207,386.4762,70.5394,152.3077,187.3621,286.5332,134.274,386.4762,161.31816,143.29085,45.7314
TMEM212,3.5897,0,0.4274,2.8153,0.2393,1.5089,0,0,1.2664,18.2066,18.2066,2.80536,0.8469,0
FAM221B,0,1.7284,0,0,1.1965,0,4.8047,2.6576,1.5831,18.6618,18.6618,3.06321,1.3898,0
GOLGA7B,1609.7436,828.4603,414.1468,1024.7748,353.9308,984.5341,506.4833,309.1697,621.1913,1165.2253,1609.7436,781.766,724.8258,309.1697
ASTL,1.0256,17.2836,0.4274,0.5631,2.393,1.8861,0.4805,2.2147,1.2664,2.731,17.2836,3.02714,1.57625,0.4274
MAP1LC3C,5.1282,2.3045,5.5561,0.5631,19.3836,169.37,0,24.8044,18.0468,0,169.37,24.51567,5.34215,0
KIAA0895L,191.7949,706.899,323.3123,265.411,377.3707,866.4353,976.6385,403.5196,216.8787,1136.8138,1136.8138,546.50738,390.44515,191.7949
MUC5B,123.5897,13.8269,6.4109,34074.8874,5322.3636,623.9155,2916.9094,87664.6616,2840.6361,12381.8844,87664.6616,14596.90855,2878.77275,6.4109
AGAP5,11.7949,112.8331,23.4726,47.5338,45.0921,464.983,39.3982,34.9787,42.4196,28.3113,464.983,85.08173,40.9089,11.7949
LRRC70,23.0769,98.8622,18.378,5.6306,20.5802,28.6684,30.7498,28.2151,10.4482,24.579,98.8622,28.91884,23.82795,5.6306
