Gene,TCGA-B8-4143-01A-01R-1188-07,TCGA-KN-8428-01A-11R-2315-07,TCGA-KN-8428-11A-01R-2315-07,TCGA-B0-5098-01A-01R-1420-07,TCGA-UZ-A9PS-01A-11R-A42S-07,TCGA-UZ-A9PS-05A-11R-A42S-07,TCGA-P4-A5EB-01A-11R-A28H-07,TCGA-SX-A71S-01A-11R-A33Z-07,TCGA-HE-7130-01A-11R-1965-07,TCGA-A3-A8OV-01A-11R-A37O-07,TCGA-B9-A44B-01A-11R-A24Z-07,TCGA-IA-A83S-01A-11R-A355-07,MAX,AVG,MED,MIN
ALPP,0,0,0.3522,7.1477,0.3771,0,0.3779,0,8.0605,0,0,0,8.0605,1.359616667,0,0
BIRC5,389.7816,479.6616,10.2747,566.7427,40.6033,45.9868,10.8201,7.7592,181.6322,21.1254,281.5456,30.5361,566.7427,172.205775,43.29505,7.7592
ASNS,754.8387,2463.7462,294.4699,801.2253,513.9517,506.7873,300.8314,525.3326,540.0504,859.5902,375.6158,294.5214,2463.7462,685.9134083,519.64215,294.4699
TNFRSF17,62.0347,8.1571,6.6925,4.4248,0.3771,0.4641,0,0.3774,7.0529,0.8674,0,9.2706,62.0347,8.309883333,2.6461,0
BRAF,91.8114,260.7251,158.1543,166.7801,161.0106,161.0396,99.3953,178.5074,435.7683,116.6649,68.9655,116.2397,435.7683,167.92185,159.58245,68.9655
C1S,11460.6055,1008.1571,3039.8027,6700.4765,4228.8839,6826.314,7325.7748,976.3185,1009.5164,490.9465,1473.5222,14823.7685,14823.7685,4947.007217,3634.3433,490.9465
DDR1,2221.34,8685.8006,8543.5012,5391.4227,7261.3122,4520.7101,9777.3998,15072.3653,7158.6902,5769.4893,11043.1034,7006.4716,15072.3653,7704.300533,7210.0012,2221.34
CCK,0,0.6042,1.0567,154.5269,0,0,0,0.3774,28.2116,0.8674,0,0,154.5269,15.47035,0.1887,0
CCNE1,61.5385,527.1903,26.0655,240.2995,41.4781,14.3868,10.9599,22.2663,162.7204,15.6131,60.3448,28.5251,527.1903,100.949025,35.0016,10.9599
CD28,119.1067,24.7734,27.8267,5.4459,24.5098,108.1332,30.9902,10.1896,18.6398,7.8066,4.3103,34.2301,119.1067,34.663525,24.6416,4.3103
CDC20,353.8462,1558.6103,42.9729,673.5875,97.2851,151.7577,20.4082,21.1341,961.7128,31.66,383.0049,109.1084,1558.6103,367.090675,130.43305,20.4082
CDC42,3956.8238,5180.0604,5345.8964,2533.6964,5609.3514,2897.3199,5053.288,4494.3863,5452.8967,4922.4764,3570.197,6996.4879,6996.4879,4667.74005,4987.8822,2533.6964
CENPF,659.5533,3486.1027,41.5639,1578.9653,230.0151,204.2,36.2812,65.6666,1997.9849,47.2731,279.5567,96.2721,3486.1027,726.9529083,217.10755,36.2812
CGA,1.4888,76.7372,10.9193,0,0,0,0,0,0.5038,0,0,0,76.7372,7.470758333,0,0
CHAT,523.0769,0.6042,0,9.1899,0,0,0,0,0,0,0,0,523.0769,44.40591667,0,0
CHML,1114.6402,245.0151,267.3477,853.6419,895.5505,192.1337,321.9955,382.6776,251.8892,235.4982,196.4286,317.3415,1114.6402,439.5133083,292.3446,192.1337
CMKLR1,761.7866,200,331.807,22.1239,54.6757,406.0796,144.3689,172.4691,77.0781,288.4094,141.6256,351.5716,761.7866,245.999625,186.23455,22.1239
CLDN7,440.6948,2278.852,2726.6643,241.661,2763.1976,217.1946,3331.4437,7364.8457,3536.0202,552.5317,4524.0148,7018.5948,7364.8457,2916.3096,2744.93095,217.1946
CYP26A1,0.9926,157.7039,1.7612,95.9837,1.1312,0,1.1338,0.3774,0.5038,0.4337,0.6158,0.7131,157.7039,21.77918333,0.85285,0
DIO1,17.3697,53.7764,546.6714,0,9.0498,6297.7144,647.0144,4.9061,1.0076,1.3011,24.0148,564.0834,6297.7144,680.5757583,20.69225,0
DNA2,235.2357,99.6979,27.1222,279.4418,116.8929,90.9618,21.542,110.9539,128.9673,38.1655,80.665,46.3532,279.4418,106.3332667,95.32985,21.542
DNAH9,21.34,51.0574,99.3308,10.8918,36.5762,6.0332,99.7732,64.5344,4.0302,8.2403,80.0493,21.3938,99.7732,41.93755,28.985,4.0302
E2F2,81.3896,342.9003,4.5791,106.8754,30.9201,13.9227,5.291,9.8122,206.0453,33.8285,111.4532,34.2301,342.9003,81.770625,34.0293,4.5791
EFNA5,4460.5459,1198.7915,499.8239,970.388,154.6003,32.4864,55.5556,23.7758,592.9471,82.4027,306.0345,194.6836,4460.5459,714.336275,250.35905,23.7758
EGFR,2678.0149,1212.0665,783.6527,580.6161,678.7217,1126.8082,550.2608,1432.1578,1605.0327,1526.1759,366.3732,258.1519,2678.0149,1066.5027,955.23045,258.1519
EWSR1,4109.6774,3538.0665,3395.5618,3315.5208,3511.6893,4585.2187,3832.5775,4672.5163,5092.6952,3566.7353,2513.5468,3415.1646,5092.6952,3795.747517,3552.4009,2513.5468
F5,555.8313,147.1299,484.3255,44.5882,5.6561,2009.978,106.198,11.6992,68.5139,2950.8837,8.6207,31.3776,2950.8837,535.400175,87.35595,5.6561
FGFR1,2357.8164,4658.006,2033.4625,3778.4207,1739.0649,439.9582,1834.845,2237.947,186.9018,1543.5325,5214.2857,1568.8791,5214.2857,2299.42665,1934.15375,186.9018
FGFR3,238.2134,3.0211,895.3857,86.113,508.6727,915.1874,430.4611,1152.1842,25068.0101,753.3341,1600.9852,508.4595,25068.0101,2680.002292,631.0034,3.0211
FGFR2,238.7097,640.4834,1275.8013,2141.5929,569.7587,1090.6138,669.3122,2032.6446,972.2922,815.3529,511.6995,298.087,2141.5929,938.0290167,742.33255,238.7097
FGFR4,715.1365,12.0846,1160.9722,1906.0585,1421.1916,5916.2316,3417.2336,1382.772,13.0982,1311.9375,6729.064,1890.4994,6729.064,2156.356642,1401.9818,12.0846
FLT1,7623.8213,784.8943,2205.0018,572.8387,226.9985,1706.4625,295.5404,160.0151,2129.9748,7320.3947,1418.7192,233.9056,7623.8213,2056.547242,1101.80675,160.0151
FLT3,28.7841,3.0211,26.77,6.467,100.6787,34.3427,523.0537,1.5096,4.0302,18.649,161.33,12.8363,523.0537,76.78936667,22.7095,1.5096
FLT4,1583.6228,193.0514,975.6957,159.6324,27.9035,780.1369,73.3182,76.9884,302.267,1219.1261,434.7291,74.1652,1583.6228,491.719725,247.6592,27.9035
GBP1,8022.3325,423.2628,552.6594,446.5623,365.0075,604.7105,115.2683,315.8789,991.9395,1090.3177,342.3645,634.6829,8022.3325,1158.7489,499.61085,115.2683
LPAR4,7.9404,0.6042,1.0567,3.0633,0,0,0,0,1.5113,0,0,1.4263,7.9404,1.300183333,0.3021,0
GRK4,42.1836,73.716,57.0623,31.9946,111.6139,24.1327,53.288,61.8926,51.3854,65.9222,35.0985,61.3289,111.6139,55.80155833,55.17515,24.1327
HMGB2,1994.0447,2531.4199,875.3082,1379.5099,1221.3424,594.5005,282.3129,1247.6649,1006.0453,1286.3493,1043.7192,1349.9492,2531.4199,1234.3472,1234.50365,282.3129
HOXD8,299.7519,273.1118,2561.4653,238.2573,266.9683,152.6859,380.9524,218.5112,304.2821,250.6777,116.9951,393.646,2561.4653,454.7754167,270.04005,116.9951
PDX1,0,11.4804,0,6.8074,1.1312,0,0.3779,0,144.5844,0,0,0,144.5844,13.69844167,0,0
JAK1,4747.8908,3163.7462,4562.1698,3588.1552,6892.5339,8384.7314,7345.805,6446.2685,4670.0252,4390.7622,3778.9409,6260.5409,8384.7314,5352.630833,4708.958,3163.7462
JAK2,549.3797,434.139,418.105,110.9598,305.8069,370.3446,207.8609,399.283,129.9748,309.2269,144.0887,181.8474,549.3797,296.7513917,307.5169,110.9598
KCNQ2,0,0,0.3522,30.2927,0,0,0,0.7548,0,0,0,0,30.2927,2.616641667,0,0
KDR,2051.6129,359.5166,2053.1877,154.5269,68.6275,638.1251,118.2918,133.2201,961.2091,4951.9679,381.7734,166.1586,4951.9679,1003.1848,370.645,68.6275
KIT,296.2779,7430.5136,1294.4699,17.6991,40.3469,53.3705,41.9501,123.4079,227.204,51.1764,36.9458,92.7065,7430.5136,808.83905,73.0385,17.6991
LDHB,5355.8313,20427.1903,22184.572,28456.7733,26996.6063,26555.7489,40055.9335,10505.5194,2495.2141,9613.3579,15440.2709,35766.8788,40055.9335,20321.15806,21305.88115,2495.2141
LIF,1800.7494,7.2508,432.5009,542.5459,778.5294,273.7812,198.0348,490.9897,219.1436,140.952,473.5222,407.9086,1800.7494,480.492375,420.20475,7.2508
LIMK1,749.8759,1052.2659,564.6354,2013.2743,676.4706,1421.5106,694.6334,910.2746,2031.738,455.817,1995.0739,986.9676,2031.738,1129.3781,948.6211,455.817
LRP2,1821.8362,2.4169,3436.4213,51.7359,12659.5023,42022.9725,18756.6138,4034.7203,17.6322,11617.0443,11378.0788,10313.9541,42022.9725,9676.077383,7174.3372,2.4169
MAP6,25.8065,12.0846,692.4974,95.3029,27.1493,7.4255,244.1421,186.4327,51.8892,16.0468,11.6995,54.9108,692.4974,118.782275,39.51925,7.4255
MET,7296.2779,10331.7221,3301.5146,6009.5303,11717.5716,7941.0604,5315.5707,18987.829,1023.1738,4176.9489,6134.8522,9822.6097,18987.829,7671.5551,6715.56505,1023.1738
MGST3,1245.6576,2513.2931,2590.3487,1592.58,4480.7692,3616.1968,5770.2192,2235.3052,1666.4987,3418.8442,2275.8621,4776.5239,5770.2192,3015.174892,2551.8209,1245.6576
MYBL2,246.6501,900.3021,10.2149,1308.7134,106.7119,61.26,13.6054,17.7375,1370.2771,42.5024,536.9458,90.5671,1370.2771,392.123975,98.6395,10.2149
NEK2,127.5434,515.4079,7.7492,267.1886,47.5113,34.8068,4.1572,8.6801,372.2922,5.6381,63.4236,31.3776,515.4079,123.8146667,41.15905,4.1572
NKX2-2,0,0,0.3522,17.6991,0.7541,0,1.5117,0.3774,1.0076,0,0.6158,0,17.6991,1.859825,0.3648,0
NPPB,0,0,0,51.3955,0.3771,0,0.3779,0,0,0,0.6158,0,51.3955,4.397191667,0,0
NTF4,0.4963,0,0,80.4595,0,0.9282,1.1338,0,53.9496,0,1.8473,1.4263,80.4595,11.68675,0.71225,0
NTHL1,130.5211,274.3202,249.7358,410.8237,250,47.8014,261.1489,143.4098,199.4962,219.8851,602.8325,237.4713,602.8325,252.2871667,243.60355,47.8014
NTRK1,7.4442,0,84.889,1.7018,0,0.4641,0,3.7739,0,1.3011,51.1084,2.1394,84.889,12.73515833,1.50145,0
NTRK3,6.4516,10.8761,104.2621,3.744,13.9517,3.7127,4.1572,11.3218,1.5113,12.5773,48.0296,9.2706,104.2621,19.1555,10.07335,1.5113
OGN,1.4888,791.8429,139.4857,0.3404,0,0.4641,0.3779,1.887,1.0076,3.0359,215.5172,9.9838,791.8429,97.119275,1.6879,0
PAX1,0,0.3021,0,19.401,0,0,0,0.3774,0,0,0,0,19.401,1.673375,0,0
PDGFRA,127.2605,147.716,1033.4167,61.5385,8.537,10.9943,6.1338,281.5473,132.1965,30.9531,163.2204,150.9618,1033.4167,179.5396583,129.7285,6.1338
PDGFRB,8721.5881,2002.719,3656.9215,1030.2927,146.3047,651.5837,125.0945,465.3269,1111.335,3692.9416,2432.266,317.3415,8721.5881,2029.476267,1070.81385,125.0945
PLA2G2A,4.9628,8.1571,0,1.0211,0,0,0,1.1322,5.0378,0,0.6158,0,8.1571,1.7439,0.3079,0
PPBP,2.4814,0.3021,6.6925,773.3152,7.9186,0,0.7559,1.887,0.5038,9.1077,1.2315,29.2382,773.3152,69.452825,2.1842,0
PRCP,1854.0943,1545.3172,4771.0461,4912.5255,2130.4676,3475.5772,5568.0272,2723.2758,1100.7557,3354.2231,1598.5222,5135.2267,5568.0272,3180.754883,3038.74945,1100.7557
MAP2K1,1225.0471,2293.5831,1377.4709,1876.7291,1157.2398,814.0991,1261.2925,789.599,2065.9647,1359.7485,812.8695,1031.6165,2293.5831,1338.77165,1243.1698,789.599
MAP2K2,2200.4963,3568.2779,1860.162,1150.1021,1481.1463,2344.5875,1865.4573,1558.6376,1929.9748,2066.5727,2257.3892,2327.6461,3568.2779,2050.870817,1998.27375,1150.1021
PSMC2,1392.5558,2180.9668,1438.1825,1951.6678,1250,2810.5349,1580.1209,1460.8925,2576.8262,1843.218,767.2414,1414.8437,2810.5349,1722.254208,1520.5067,767.2414
PTK6,237.7171,23.2628,11.976,35.3982,3.3937,21.8123,29.8564,23.3984,4923.9295,32.9611,16.6256,72.0258,4923.9295,452.6964083,26.6274,3.3937
RAF1,2312.1588,4477.3414,2365.6217,1031.3138,2385.3695,1266.5042,1739.229,1877.5356,2602.0151,1265.0981,1439.6552,2092.3143,4477.3414,2071.179725,1984.92495,1031.3138
RET,20.3474,4.2296,37.3371,4.7651,25.641,5.105,1.5117,18.1149,14.1058,5.2044,5.5419,16.4019,37.3371,13.19215,9.82385,1.5117
RFC5,539.9504,397.281,230.3628,675.6297,601.0558,221.8355,466.7423,381.9228,224.1814,302.7215,374.3842,417.8924,675.6297,402.8299833,389.6019,221.8355
TRIM27,1540.4467,954.0785,992.9553,1617.0865,895.9276,1013.1106,1018.5185,1215.5864,802.0151,905.5622,2112.6847,821.5222,2112.6847,1157.457858,1003.03295,802.0151
RYR2,65.0124,1496.0725,11.6238,4.7651,6.7873,3.7127,0.3779,13.9636,29.7229,0.4337,4.3103,5.705,1496.0725,136.8739333,6.24615,0.3779
SALL2,91.8114,34.4411,359.2814,971.4091,265.083,64.5086,320.8617,466.8365,34.2569,195.598,636.0837,110.5347,971.4091,295.892175,230.3405,34.2569
SLC6A11,0,0,0,42.8863,0,0,0,0.3774,362.2166,0,0,0,362.2166,33.790025,0,0
SLC7A4,0,0,7.0447,356.3649,6.7873,2.3205,0.7559,3.7739,244.8363,0.4337,1.8473,6.4181,356.3649,52.54855,3.0472,0
SLC18A2,13.3995,0.3021,9.5104,20.0817,3.7707,3.7127,0.3779,19.6245,1.0076,5.2044,3.0788,6.4181,20.0817,7.207366667,4.48755,0.3021
UAP1,965.7568,2280.9668,910.8841,775.6978,305.4299,498.8978,311.7914,329.0876,980.8564,599.8048,192.734,327.3252,2280.9668,706.6027167,549.3513,192.734
SVIL,1029.7717,2229.6918,2149.7605,2277.4813,1061.5045,1475.4798,4148.4429,4964.4948,2665.0378,1373.436,862.0259,999.4117,4964.4948,2103.044892,1812.62015,862.0259
TCP11,0.9926,106.3444,20.0775,14.9762,1.1312,0.4641,0.3779,0.3774,1.5113,3.0359,14.1626,2.8525,106.3444,13.85863333,2.1819,0.3774
TEK,319.603,55.8912,1945.7555,27.2294,33.9367,169.3932,47.997,39.249,108.8161,466.2257,186.5764,44.2139,1945.7555,287.073925,82.35365,27.2294
TERT,54.0943,0.9063,0,88.4956,0,0,4.5351,0,10.0756,4.7707,1.2315,0,88.4956,13.67575833,1.0689,0
TOP2A,1095.7816,4481.2689,56.7101,2553.7781,502.6395,188.885,66.5155,118.1244,3517.8841,103.6539,494.4581,127.6497,4481.2689,1108.945742,341.67155,56.7101
TOP2B,1426.3027,4690.3323,3184.572,2113.002,4210.7843,1645.6666,2035.1474,2813.0956,9264.4836,1129.3505,1091.7488,2410.3689,9264.4836,3001.237892,2261.68545,1091.7488
VEGFA,67993.5484,11741.994,5680.1691,6264.4656,1077.6772,3324.2836,557.0673,332.4842,5178.3375,48907.297,3251.2315,599.7397,67993.5484,12909.02459,4251.31055,332.4842
ZIC2,19.8511,49.5468,0,26.889,1.1312,0.4641,0,0,239.2947,0.4337,3.6946,0,239.2947,28.4421,0.79765,0
PDHX,488.2978,1888.5891,790.5107,705.6025,1184.8718,609.3189,672.0408,476.3242,289.4257,461.6676,463.0542,585.7981,1888.5891,717.95845,597.5585,289.4257
TKTL1,0,63.7462,3.1701,0,3.3937,0.4641,5.291,17.3601,4.0302,4.337,0,0,63.7462,8.4827,3.2819,0
FZD1,676.4268,402.1148,1729.13,484.6835,4717.1946,2052.2102,4925.1701,6887.8196,436.7758,7475.6587,2815.2709,2396.8195,7475.6587,2916.606208,2224.51485,402.1148
DYRK2,1012.4069,732.0242,400.8454,678.0123,661.7647,482.1905,582.0106,1500.1415,1111.335,410.2787,482.1429,513.4514,1500.1415,713.883675,621.88765,400.8454
TEAD2,423.3251,565.861,575.5548,1288.9721,611.6139,389.8364,386.6213,976.3185,112.3426,303.5889,216.133,757.3407,1288.9721,550.6256917,494.59305,112.3426
IKBKG,460.0496,529.6073,359.9859,389.0402,250.7541,332.7532,767.5737,486.461,657.9345,508.7282,706.8966,397.9248,767.5737,487.3090917,473.2553,250.7541
CPZ,18.3623,28.7009,72.913,330.1566,26.3952,12.9945,3.7793,113.5956,362.2821,2.6022,41.8719,34.9432,362.2821,87.38306667,31.82205,2.6022
BAZ1B,1491.8114,3844.713,1470.236,2228.0463,1592.006,1454.4611,1666.2887,4386.8289,4307.8086,2142.4699,1374.3842,1026.9027,4386.8289,2248.829733,1629.14735,1026.9027
CLDN6,0.4963,1.2085,6.6925,1300.5446,0.3771,0,5.6689,4.1513,0,0,4.3103,1.4263,1300.5446,110.4063167,1.3174,0
CDY1B,0,0,0,0,0,0,0,0,0,0,0,0,0,0,0,0
CCNE2,71.0273,762.8278,7.4815,69.486,31.7798,15.315,7.1807,15.8656,95.6877,20.5356,38.8916,19.8249,762.8278,96.32529167,26.1577,7.1807
ZMYM4,2004.9628,1326.8882,1162.3811,1213.7509,1482.2775,1087.8292,953.1368,1287.6686,1322.9219,792.3669,634.8522,779.4477,2004.9628,1170.706983,1188.066,634.8522
ZMYM5,389.0819,186.1027,263.4731,462.5596,242.4585,258.9628,235.0718,293.6126,349.1184,226.3905,225.3695,175.4292,462.5596,275.6358833,250.71065,175.4292
AURKB,213.8958,296.9789,5.6358,572.4983,42.2323,16.2432,7.5586,18.1149,154.6599,14.7457,114.532,22.1069,572.4983,123.2668583,32.1696,5.6358
NOLC1,1357.3201,1077.0393,1435.3646,4346.1538,1382.3529,1149.0892,1233.938,1495.6128,3071.0327,1448.1188,1336.2069,1125.3142,4346.1538,1704.795275,1369.8365,1077.0393
KCNB2,0,142.9003,4.5791,1.0211,8.6727,0,1.1338,0.3774,0.5038,0,2.4631,0,142.9003,13.47094167,0.76245,0
PPIG,661.0422,693.6556,1006.6925,1270.5922,592.006,1170.9015,780.0454,822.3417,1112.8463,617.1528,395.936,313.7758,1270.5922,786.4156667,736.8505,313.7758
FEZ2,750.8685,799.6979,1038.746,987.4064,516.5913,882.2369,798.5639,544.9571,584.3829,743.359,450.7389,598.3135,1038.746,724.6551917,747.11375,450.7389
SEMA3E,1.4888,0.6042,18.3163,386.998,0.3771,0.9282,0,4.5287,84.6348,0,0.6158,2.1394,386.998,41.719275,1.2085,0
MAGI2,108.6849,987.0091,838.6756,833.5602,229.638,60.7959,164.0212,465.7043,138.539,224.6558,100.9852,187.5524,987.0091,361.6518,206.1041,60.7959
KIF14,127.5434,251.0574,4.2268,186.1811,23.7557,21.8123,4.1572,5.6609,373.2997,6.9392,38.7931,7.8444,373.2997,87.60593333,22.784,4.1572
RBM8A,1641.6625,1296.8761,1687.1293,1090.776,1485.5392,1230.9734,1157.4906,1668.614,3125.5718,1575.483,1306.2069,1252.8926,3125.5718,1543.26795,1395.87305,1090.776
SF3A1,2315.9057,3994.435,2909.602,1844.1116,2584.5739,2712.4864,2283.2804,3246.9365,4643.8136,2534.3728,2031.2993,2070.6281,4643.8136,2764.287108,2559.47335,1844.1116
ANP32B,2927.5434,2493.9577,1790.7714,4474.4724,1254.1478,1558.4174,1173.8473,1303.1418,1617.1285,2552.3149,831.2808,2861.0651,4474.4724,2069.840708,1703.94995,831.2808
GNLY,164.7643,61.3293,45.0863,22.8046,21.8703,99.3155,6.4248,3.0192,25.1889,404.6406,37.5616,23.5332,404.6406,76.29488333,31.37525,3.0192
SPAG5,428.4516,1247.0967,428.3198,963.9891,175.7164,1995.127,188.2086,77.8866,819.1436,647.5464,327.5862,74.3221,1995.127,614.4495083,428.3857,74.3221
EBP,400,1769.4864,699.5421,968.0054,526.7722,1170.9015,946.3341,434.3806,720.403,664.4259,556.6502,1051.8622,1769.4864,825.7303,709.97255,400
CNPY3,1615.8809,586.7069,854.174,1948.9449,1117.6471,1263.7197,1318.2162,1412.5861,917.8841,1567.3859,1741.3793,2659.9633,2659.9633,1417.0407,1365.40115,586.7069
FAM114A2,382.134,280.3625,429.0243,429.8843,503.3937,538.8096,560.0907,367.9592,280.1008,430.6625,161.33,321.6202,560.0907,390.44765,405.57915,161.33
KIF2C,293.7965,1052.2659,16.9074,366.5759,65.2338,68.6855,18.8964,13.9636,819.6474,28.6241,126.2315,29.2382,1052.2659,241.6721833,66.95965,13.9636
TMSB15A,15.8809,260.1208,30.6446,3.0633,4.902,2.7845,0.3779,3.3965,7.0529,23.8534,2.4631,4.9919,260.1208,29.96098333,4.94695,0.3779
UPK1A,0.9926,2.6979,2.1134,63.6726,0,0,0,0.3774,79.5516,0.4337,3.6946,2.1394,79.5516,12.97276667,1.553,0
UBE2C,740.9429,1602.4169,20.4297,822.3281,49.3967,56.6191,9.8262,18.8697,785.3904,20.3838,173.6453,40.6482,1602.4169,361.7414167,53.0079,9.8262
PRDM7,0,2.4169,1.0567,1.3615,1.5083,1.3923,0,0.7548,0,0,3.6946,0,3.6946,1.015425,0.90575,0
AKR7A3,424.3176,817.5227,1390.6305,32.3349,361.2368,2018.7957,775.5102,43.0229,67.5063,1700.5313,530.1724,2424.6314,2424.6314,882.1843917,652.8413,32.3349
RIMS1,0,1896.0725,5.6358,6.1266,0.3771,0,0.3779,0.3774,0,0,0,2.8525,1896.0725,159.3183167,0.37725,0
FRAT2,139.4541,236.2538,166.9602,165.759,284.6908,103.0282,133.031,149.0707,309.3199,84.1375,216.7488,191.118,309.3199,181.631,166.3596,84.1375
SMPX,0,223.2628,0,0,0,0,0,0,0,0,0,0,223.2628,18.60523333,0,0
FLRT3,53.1017,515.71,1471.9972,168.8223,3021.8703,1510.152,2609.9773,9572.9786,806.5491,2145.5058,344.8276,2083.7568,9572.9786,2025.437392,1491.0746,53.1017
PRR5-ARHGAP8,18.8586,1539.7069,466.2452,250.7794,267.0928,129.3839,243.9191,549.6443,220.4987,256.9186,564.8214,335.8257,1539.7069,403.6412167,262.0057,18.8586
MTCH1,3716.6253,3406.0423,4514.6178,4959.4963,3645.1735,4771.7833,5543.0839,5402.3965,2944.5844,6884.9615,6051.7241,5128.0954,6884.9615,4747.382025,4865.6398,2944.5844
BRI3,2513.6476,2946.5257,1644.3642,2915.5888,1430.9955,3735.0041,1458.8057,1844.3249,2305.9345,3397.1593,2526.4778,3928.616,3928.616,2553.953675,2520.0627,1430.9955
RAB26,16.3772,418.7311,11.6238,39.4826,30.9201,4.6409,4.5351,29.4367,7.0529,3.9033,158.867,14.9757,418.7311,61.7122,15.67645,3.9033
TRIM58,4.9628,2.719,26.77,303.4411,3.0166,6.0332,2.2676,6.0383,7.0529,13.4446,0.6158,10.6969,303.4411,32.2549,6.03575,0.6158
PARS2,118.1141,270.997,216.2733,82.369,333.3333,206.9846,254.7241,245.3062,252.3929,212.0785,248.7685,269.562,333.3333,225.908625,247.03735,82.369
ANKRD17,1585.6079,2764.6526,1912.6453,1409.4622,2326.546,2827.2421,1658.3522,1819.0395,3276.0705,1299.3603,1354.064,1158.8312,3276.0705,1949.322817,1738.69585,1158.8312
OR1A2,0,0,0,0,0,0,0,0,0.5038,0,0,0,0.5038,0.041983333,0,0
FBXO3,543.9206,596.6767,1098.9785,413.5466,1183.2579,1565.3788,2012.4717,1206.1515,551.6373,991.0008,815.2709,708.8481,2012.4717,973.9282833,903.13585,413.5466
HAVCR1,268.9826,0.9063,224.727,320.9666,3494.3439,1094.7906,1604.3084,192.0936,0,451.9137,255.5419,685.3149,3494.3439,716.1574583,294.9746,0
SMC1B,2.4814,348.9426,1.0567,2.0422,3.7707,3.2486,0,0.3774,8.0605,0.8674,2.4631,3.5656,348.9426,31.40635,2.47225,0
STK36,1372.2084,156.4955,476.224,1812.1171,1171.1916,535.0969,818.2162,806.4912,194.4584,515.6674,1328.202,521.2958,1812.1171,808.9720417,670.79405,156.4955
PCLO,69.4789,485.8006,444.875,501.3615,389.8944,625.1305,310.6576,1231.0595,670.529,321.3705,341.133,273.8407,1231.0595,472.0942667,417.3847,69.4789
MAGEH1,472.9529,523.565,740.0493,510.5514,304.6757,130.8737,446.712,516.6525,392.4433,622.3572,185.3448,298.8002,740.0493,428.7481667,459.83245,130.8737
C6orf15,0,0,0,0,0,0,0,0.3774,0,0,0,0.7131,0.7131,0.090875,0,0
GMPPB,202.4814,623.8671,290.9475,118.4479,258.6727,243.6478,385.4875,283.8004,573.8035,148.7585,333.7438,397.9248,623.8671,321.798575,287.37395,118.4479
EMC9,83.871,750.1511,234.5896,336.6236,158.7481,144.7964,188.9645,98.1225,151.1335,203.8382,185.9606,246.0288,750.1511,231.902325,187.46255,83.871
SLC45A2,3.9702,40.1813,1.4089,262.083,13.5747,11.6023,9.0703,70.1953,0.5038,8.2403,7.3892,5.705,262.083,36.16035833,8.6553,0.5038
GPN3,307.6923,352.2659,509.6865,478.5568,422.3228,459.4501,464.0967,341.1643,299.2443,466.6594,233.3744,676.7574,676.7574,417.6059083,440.88645,233.3744
CINP,328.536,634.139,402.2543,777.0592,287.3303,526.2792,568.4051,294.7448,145.0882,513.9326,812.1921,509.1726,812.1921,483.2611167,511.5526,145.0882
CAB39,1285.8561,969.4864,3442.7615,1401.2934,1579.1855,3605.5227,2945.9562,1945.4666,1786.9018,1511.0051,936.5764,1857.6955,3605.5227,1938.9756,1683.04365,936.5764
MYO3A,222.3325,347.1299,39.0983,38.8019,32.0513,66.365,18.1406,55.8543,0,304.8899,53.5714,47.0664,347.1299,102.1084583,50.3189,0
MTMR12,559.3052,2725.0755,1458.26,1306.6712,1191.9306,952.7787,1349.9622,1312.9541,1584.3829,900.3578,1485.2217,741.652,2725.0755,1297.379325,1309.81265,559.3052
BTG4,0,0,0.3522,0,0,0,0,0,0,0,0,0,0.3522,0.02935,0,0
CRTAC1,0.9926,8467.6677,242.3283,31.7631,148.19,319.7215,3.4014,6.7931,5.5416,46.4057,0.6158,65.6077,8467.6677,778.252375,39.0844,0.6158
CDCA8,260.0496,1075.8308,19.0208,259.0197,59.2006,61.7241,24.9433,22.6436,371.7884,24.2871,203.202,49.2058,1075.8308,202.5763167,60.46235,19.0208
LRRC8D,697.2705,1039.8792,726.6643,881.5521,1115.3846,1959.8561,1154.9509,1000.8491,810.0756,532.1479,814.6552,1066.8378,1959.8561,983.3436083,941.2006,532.1479
UEVLD,221.8362,287.6133,315.9563,211.7086,233.7858,241.7914,273.6206,214.7372,304.7859,140.5183,89.2857,124.0841,315.9563,221.6436167,227.811,89.2857
BLOC1S4,221.8362,187.3112,276.5058,179.0334,232.6546,175.4264,400.6047,344.1834,357.1788,457.1181,511.6995,284.5376,511.6995,302.3408083,280.5217,175.4264
DEPDC1,141.4392,767.9758,7.7492,189.5848,38.8386,35.735,1.5117,3.7739,428.7154,19.0827,74.5074,15.6888,767.9758,143.716875,37.2868,1.5117
RNF126,575.1861,730.2115,580.8383,345.8135,288.8386,521.6382,522.6757,563.4494,1126.4484,742.4916,747.5369,590.4691,1126.4484,611.299775,578.0122,288.8386
SLC30A6,259.0571,174.6224,281.0849,391.0824,225.1131,263.1396,243.3862,260.7793,480.6045,156.9988,75.7389,130.5022,480.6045,245.1757833,251.22165,75.7389
NECAP2,1832.7543,960.1208,1460.0211,798.8428,1257.1644,927.7178,1414.966,1170.6765,2117.8841,1481.0799,2420.5665,1661.5856,2420.5665,1458.614983,1437.49355,798.8428
PCDHGA7,59.5533,3.9275,84.0366,657.3724,31.6742,35.2709,19.6523,25.2854,4.0403,8.4224,148.6515,23.6045,657.3724,91.79094167,28.4798,3.9275
CTNNBL1,799.5037,633.2326,737.9359,1333.5602,659.5023,879.9165,886.6213,720.8227,996.4736,1094.6547,706.2808,857.1785,1333.5602,858.8069,828.3411,633.2326
PRDM9,0,112.9909,0.7045,4.0844,0,0,1.5117,0,0,0,0,0,112.9909,9.940958333,0,0
SLURP1,0,16.9184,0,0,0,0,0,0,4.534,0,0,0,16.9184,1.7877,0,0
ADAMTSL3,84.8635,35.0453,543.8535,169.8434,282.0513,122.9841,4.1572,1221.6247,1.0076,38.1655,92.3645,71.3127,1221.6247,222.272775,88.614,1.0076
LRFN2,1.4888,34.139,2.1134,0.6807,0,0,0.3779,0,64.9874,0.4337,0.6158,0,64.9874,8.736391667,0.52475,0
SLAMF7,1784.1191,150.7553,128.9186,40.8441,133.8612,376.8419,32.5019,70.9501,144.5844,245.907,5.5419,104.1165,1784.1191,268.2451667,131.3899,5.5419
HIVEP3,277.9156,154.9849,117.9993,61.6065,42.2323,95.6027,49.5087,96.2355,390.4282,41.635,99.7537,62.7552,390.4282,124.2214667,95.9191,41.635
CACNG8,0,0,0,4.0844,0,0,0,0.3774,0.5038,0,0,0,4.0844,0.4138,0,0
CACNG6,0.4963,2.1148,2.8179,250.8509,0,0,0,0.3774,0.5038,0,0,0,250.8509,21.43009167,0.1887,0
TMBIM1,3880.397,1346.2236,4116.2381,2723.6215,2645.5505,9606.2188,8849.2063,3441.0793,13216.1209,4584.6254,9587.4384,8909.0942,13216.1209,6075.4845,4350.43175,1346.2236
HS1BP3,1077.9156,540.1813,1034.5192,1060.2451,1357.089,3328.9245,3243.3862,945.3722,793.9547,3058.4409,7758.6207,1655.1675,7758.6207,2154.484742,1217.5023,540.1813
GREM2,0.4963,35.9517,13.7372,6.1266,0,0,0.3779,4.5287,3.5264,2.6022,1.8473,1.4263,35.9517,5.88505,2.22475,0
ISL2,4.9628,0.6042,0.3522,9.5303,0.3771,0,3.7793,0,11.0831,1.3011,0.6158,0,11.0831,2.717158333,0.61,0
MARCKSL1,2807.9404,4213.5952,960.9017,3449.966,3367.27,660.8655,331.0658,1622.4172,3343.5768,1199.176,376.2315,1170.9543,4213.5952,1958.663367,1410.7966,331.0658
NOC4L,400.4963,265.5589,325.819,614.3635,491.3273,397.2619,512.0937,262.2889,365.2393,329.1771,564.0394,730.9551,730.9551,438.2183667,398.8791,262.2889
KREMEN2,8.933,19.6375,0,20.4221,3.7707,2.3205,0.7559,1.5096,147.1033,2.1685,33.867,0,147.1033,20.040675,3.0456,0
LRRC2,20.3474,19.6375,496.6538,4.0844,25.264,3.2486,36.2812,10.9444,2.0151,5.2044,0.6158,33.517,496.6538,54.8178,15.29095,0.6158
MAP7D3,281.8859,2038.9728,200.7749,301.5657,1576.9231,562.9423,648.904,497.028,102.267,268.0256,496.9212,584.764,2038.9728,630.0812083,496.9746,102.267
LRRC31,0.9926,16.0121,10.5671,1.0211,0.7541,10.21,0,38.8716,0.5038,2.1685,13.5468,4.9919,38.8716,8.3033,3.5802,0
TLE6,12.9032,136.5559,28.1789,27.9101,1.5083,1.3923,1.5117,0.3774,7.5567,4.7707,19.0887,2.1394,136.5559,20.32444167,6.1637,0.3774
NEK11,331.5136,48.3384,319.8309,170.8645,719.457,179.1391,405.8957,393.622,89.6725,190.3936,410.0985,462.8193,719.457,310.1370917,325.67225,48.3384
MYO15B,7723.0769,171.2991,1314.5474,995.5752,1411.3876,7276.4822,3575.5858,4037.7394,243.3249,6167.6244,3315.2709,2299.8342,7723.0769,3210.979,2807.55255,171.2991
NDEL1,819.3548,472.2054,659.7393,1189.2444,613.8763,253.3937,704.4596,1132.5597,824.6851,627.9952,692.734,485.6394,1189.2444,706.3239083,676.23665,253.3937
SLIRP,294.2928,1054.6828,481.5076,648.7406,612.368,1008.4697,635.2986,339.6547,369.7733,614.5506,546.798,899.9661,1054.6828,625.5085667,613.4593,294.2928
NUF2,148.8834,221.4502,7.0447,179.0334,36.5762,18.0995,3.0234,7.1705,300.2519,13.8783,54.803,14.2625,300.2519,83.70641667,27.33785,3.0234
DNAL1,288.3375,408.4592,762.2402,454.0504,1041.1011,369.8805,769.0854,1155.2033,335.5164,589.8298,562.8079,661.7817,1155.2033,616.52445,576.31885,288.3375
RTBDN,0.4963,262.5378,0.7045,11.2321,0,0,0,0,20.1511,0,0,2.8525,262.5378,24.83119167,0.24815,0
RBP5,3112.6551,47.432,4507.5731,92.9204,372.549,9253.9738,5974.3008,47.1743,40.3023,3701.1818,9695.197,10313.241,10313.241,3929.87505,3406.91845,40.3023
ACSS1,892.3077,6541.6918,2434.3079,134.4452,2182.1267,1991.8784,846.9388,1135.5788,115.3652,1323.6474,2033.2512,1416.27,6541.6918,1753.984092,1369.9587,115.3652
HES7,9.4293,11.1782,0,7.8285,2.6395,0,0,1.887,1.5113,2.6022,11.0837,0,11.1782,4.013308333,2.2446,0
SLC7A3,0.9926,0,1.4089,37.1001,0,0,0.3779,0,0,0,0,0.7131,37.1001,3.382716667,0,0
RGS8,0,3.0211,0.3522,0,0,0,0.3779,0,0.5038,0,0.6158,0,3.0211,0.4059,0,0
KIAA2013,989.0819,2318.1269,1548.7848,1026.2083,870.2866,1135.1665,1404.7619,1418.6244,2994.4584,1907.4054,1908.867,1596.6911,2994.4584,1593.205267,1483.7046,870.2866
TMEM67,274.4417,103.9275,243.7478,372.3622,392.911,102.5641,201.8141,315.5015,79.597,244.6059,182.266,159.0273,392.911,222.7305083,222.78095,79.597
TTC5,207.4442,173.4139,244.4523,346.1538,269.6078,168.0009,205.2154,241.9096,167.7582,274.5311,479.064,223.9218,479.064,250.12275,232.9157,167.7582
RP1L1,2.4814,1345.6193,4.9313,11.2321,0.3771,1.3923,1.8896,0.3774,24.6851,3.9033,1.8473,0.7131,1345.6193,116.620775,2.1855,0.3771
IZUMO4,147.3945,12.3867,38.746,30.6331,26.7722,4.1768,5.6689,19.6245,64.9874,29.4915,32.0197,19.2544,147.3945,35.92964167,28.13185,4.1768
LACTB,461.5385,399.3958,386.7559,282.1647,418.175,551.8042,442.5548,249.8349,266.4987,332.2129,173.6453,556.9521,556.9521,376.7944,393.07585,173.6453
TMEM132B,8.933,589.7281,6.6925,26.889,0.7541,43.1605,2.6455,4.1513,40.3023,9.1077,3.6946,2.8525,589.7281,61.575925,7.81275,0.7541
PHACTR3,2162.2829,3.0211,72.913,90.8781,0.3771,23.2045,2.2676,6.0383,1.5113,0,1.2315,0,2162.2829,196.9771167,2.64435,0
C10orf71,0,92.145,13.385,0,0,0,0,0,0,0,0,0,92.145,8.794166667,0,0
C10orf90,0,54.3807,1.7612,0.3404,1.5083,0,1.1338,1.1322,0.5038,0,1.8473,29.9513,54.3807,7.71325,1.133,0
OR52R1,0,0,0,0.3404,0,0,0,0,0,0,0,0,0.3404,0.028366667,0,0
LRIG3,635.732,426.8882,228.2494,189.9251,584.8416,558.3014,379.0627,525.71,1019.6474,781.5244,229.064,493.4838,1019.6474,504.3691667,509.5969,189.9251
ANKS3,505.7072,280.6647,456.851,846.1538,820.8899,450.6323,738.8511,782.338,140.5542,842.6759,1806.0345,867.8754,1806.0345,711.6023333,760.59455,140.5542
RPTN,1.4888,0,0.3522,0,1.1312,0,0.3779,0,5.5416,0,0,0,5.5416,0.740975,0,0
PODN,81.8859,176.1329,131.3843,312.7978,64.8567,30.63,12.4717,74.724,21.1587,53.3449,193.9655,79.8702,312.7978,102.76855,77.2971,12.4717
ADAD1,0,0,0,0,0,0,0,0,0,0,0,0,0,0,0,0
PTCHD1,2.9777,19.0332,4.9313,361.8108,5.6561,2.3205,40.0605,19.2471,49.8741,1.3011,1.2315,3.5656,361.8108,42.66745833,5.2937,1.2315
MAGEE2,0,85.1964,10.2149,0,4.1478,0,0,0.7548,0,0,0,2.1394,85.1964,8.537775,0,0
TCEAL2,0,979.4562,496.3015,2.0422,2.2624,0.4641,23.8095,7.5479,0.5038,2.1685,1.8473,7.1313,979.4562,126.961225,2.21545,0
STK35,1326.5509,1217.2205,618.8799,1347.5153,875.9427,836.756,561.9803,855.9298,2626.7003,841.3748,926.1084,533.4189,2626.7003,1047.364817,865.93625,533.4189
R3HDML,0,0,0,15.9973,0.3771,0,0,0,0,0,0,0.7131,15.9973,1.423958333,0,0
GSG1L,0,3.9275,4.5791,71.8176,0,0,0,0,0,0,0.6158,0,71.8176,6.745,0,0
KIF18B,271.9603,596.6767,7.0447,410.4833,30.9201,22.2764,5.6689,17.7375,384.3829,9.5414,92.9803,10.6969,596.6767,155.0307833,26.59825,5.6689
CILP2,58.5608,27.1903,4.9313,15.6569,4.1478,1.8564,3.4014,5.2835,37.2796,0.8674,4.3103,4.2788,58.5608,13.980375,4.6208,0.8674
SIK1,7202.4814,4375.2266,2224.727,1424.7788,967.9487,268.2446,441.0431,1576.3751,4109.8237,983.6279,772.1675,967.7132,7202.4814,2109.513133,1204.20335,268.2446
AIFM3,37.6824,182.9335,25.516,97.631,89.3439,60.1183,2.6455,32.9201,75.7179,28.1427,103.4483,34.0447,182.9335,64.17869167,48.90035,2.6455
TTC23L,11.9107,26.284,27.4745,18.3799,13.9517,0.4641,9.4482,15.0958,10.5793,11.7099,21.5517,2.1394,27.4745,14.08243333,12.9312,0.4641
RBM33,3464.5161,1090.3323,491.018,1901.9741,2103.3183,1258.6147,616.0242,1943.2022,1259.9496,1121.544,1983.3744,763.0458,3464.5161,1499.742808,1259.28215,491.018
LINGO2,6.9479,276.435,21.4864,0,0,0,0,24.5306,0,0.8674,9.8522,1.4263,276.435,28.46215,1.14685,0
SLC16A11,7.4442,639.2749,108.4889,3.4037,4.1478,3.7127,6.8027,1.887,16.6247,47.2731,46.798,17.115,639.2749,75.247725,12.03445,1.887
SPATA5,159.8015,143.8066,162.0289,139.2103,199.095,86.3209,126.9841,182.6587,116.3728,133.5791,132.3892,172.5767,199.095,146.2353167,141.50845,86.3209
GKN2,0,0,0,0,0,0,0,0,0,0,0,0,0,0,0,0
SLC16A13,72.9529,130.5136,127.5097,235.194,86.3499,657.6169,253.5903,44.9099,363.728,357.3675,525.2463,144.7648,657.6169,249.97865,189.9794,44.9099
RDM1,11.4144,70.997,1.0567,48.6726,17.3454,1.3923,2.6455,0.7548,4.534,2.6022,9.2365,8.5575,70.997,14.934075,6.54575,0.7548
C8orf74,0,6.0423,0,0,0,0,0,0,1.0076,0,0,0,6.0423,0.587491667,0,0
NLRP11,8.933,58.6103,11.2716,2.3826,18.4766,3.7127,29.1005,9.4349,0,72.8613,0.6158,43.5007,72.8613,21.575,10.35325,0
OR5A2,0,0,0,0,0,0,0,0,0,0,0,0,0,0,0,0
CDY1B,0,0,0,0,0,0,0,0,0,0,0,0,0,0,0,0
ASPM,407.9404,1273.716,11.2716,734.8536,56.184,58.0114,6.0469,15.4732,649.3703,20.8175,63.4236,10.6969,1273.716,275.65045,57.0977,6.0469
WFDC10B,68.4864,0.6042,0,0,0,0,0,0,0,0.4337,0,0,68.4864,5.793691667,0,0
C10orf53,25.3102,0.3021,0,3.744,0,0.4641,0,0,0,0,0,0.7131,25.3102,2.544458333,0,0
EPHA10,256.5757,245.6193,14.7939,29.612,1.5083,38.5195,4.9131,14.341,73.0479,3.0359,3.0788,12.8363,256.5757,58.15680833,14.56745,1.5083
CNPY1,0,0,0.3522,6.8074,0,0,0,0,0,0.8674,57.8818,0,57.8818,5.4924,0,0
ZNF789,215.3846,67.0695,70.4473,97.0048,113.8763,83.5364,44.9735,231.72,45.8438,249.3766,322.6601,65.6077,322.6601,133.9583833,90.2706,44.9735
C9orf47,40.9876,0.6073,9.5773,3.0803,0,6.0796,3.4089,3.4494,2.0252,4.8401,3.0911,1.4263,40.9876,6.547758333,3.25,0
FAM133A,0,22.0544,1.4089,4.0844,1.1312,0,5.291,0.3774,0,1.3011,6.7734,2.8525,22.0544,3.772858333,1.355,0
TMSB15A,91.464,169.9275,21.7964,47.8387,107.4774,4.1768,38.2313,71.0482,44.8363,27.9605,16.5394,71.2129,169.9275,59.37578333,46.3375,4.1768
TMEM52,1.9851,147.7341,14.7939,9.8707,4.1478,7.8895,3.0234,9.4349,85.1385,11.7099,24.0148,5.705,147.7341,27.12063333,9.6528,1.9851
LRRIQ4,0.4963,0.3021,1.0567,0.3404,1.5083,3.2486,0.7559,3.0192,7.0529,0,0,0,7.0529,1.4817,0.6261,0
CENPW,93.7965,353.1722,9.1582,190.9462,61.8401,44.0886,18.5185,29.0593,53.4005,17.7816,35.0985,72.7389,353.1722,81.63325833,48.74455,9.1582
RPRML,0.4963,27.7946,1.0567,0.3404,0,0,0,0.3774,0,0.4337,0,0,27.7946,2.541591667,0.1702,0
ZNF808,604.4665,254.6828,170.8348,267.8693,441.1765,226.9405,156.4626,329.465,198.4887,196.0317,266.0099,191.118,604.4665,275.295525,240.81165,156.4626
GBP7,0.4963,14.0725,5.0264,0,0,20.123,0.393,0.7661,0.5088,1.7782,1.8781,2.6742,20.123,3.976383333,1.27215,0
CAPN8,20.8437,102.719,42.9729,1.0211,0,0.4641,0,0,18.136,0.4337,0.6158,6.4181,102.719,16.13536667,0.81845,0
OR6C70,0,0,0,0,0,0,0,0,0,0,0,0,0,0,0,0
UBAP1L,18.8586,12.6888,9.1582,12.934,6.7873,4.6409,4.5351,18.8697,3.5264,23.4197,43.1034,6.4181,43.1034,13.74501667,10.9235,3.5264
SULT6B1,0,0,0,0,0,0,0,0,0,0,0,0,0,0,0,0
C10orf62,3.4739,0.9063,3.8746,2.0422,7.5415,1.8564,5.291,0.3774,0,0.4337,15.3941,2.1394,15.3941,3.610875,2.0908,0
ODF3B,781.6377,30.5136,76.4354,87.4745,99.9246,82.1441,105.0642,325.6911,120.9068,496.1509,393.4729,293.0951,781.6377,241.042575,112.9855,30.5136
PRR5-ARHGAP8,0,185.6798,43.223,8.921,17.9751,6.9706,24.7884,47.0422,10.2418,26.7505,126.8103,60.6728,185.6798,46.589625,25.76945,0
RNF222,1.9851,0,0.3522,1.7018,1.5083,0.4641,0,1.5096,4.534,0.4337,4.9261,1.4263,4.9261,1.5701,1.4673,0
AQP12B,0.9926,14.8036,0,0,0.3771,0,0,0,2.0151,0,0,0,14.8036,1.5157,0,0
FAM72A,39.7022,38.0665,2.1134,41.8652,4.1478,1.3923,0.7559,1.887,20.1511,2.1685,6.7734,2.8525,41.8652,13.48965,3.50015,0.7559